youtube_id,label
c---zaDCTaE,Church bell
fCZi6I6kPpU,Church bell
EV1bVf8Bldk,Church bell
OXvrQ0XIAeM,Church bell
DxQmMOIMRt0,Church bell
lDo2BlqTNhs,Church bell
rqkPh5iYujg,Church bell
WBdWZGDIQ5E,Church bell
bzWIuMC8Vl8,Church bell
qRUirWhTreY,Church bell
8H9eDAVMtMc,Church bell
qFh2hzDKpOQ,Church bell
5wHd0VafUAA,Church bell
tEx2DyBtFuk,Church bell
5mBCF05DV5s,Church bell
PBNiUVkJn9U,Church bell
2wrDhwN-NvQ,Church bell
TKd9459xiBk,Church bell
dnGW30q_7IA,Church bell
mywvRrNg2IE,Church bell
k9QU0rLvu70,Church bell
BypBw80i7GA,Church bell
F9zSHQFLLOg,Church bell
5hGZVNAzZ1U,Church bell
0FBFWPKJNIU,Church bell
_QQP43H56TA,Church bell
8-b-6bZ2q18,Church bell
EMENiImb_1Y,Church bell
FBNg2jl_K7c,Church bell
Ttqaq9OhRZ4,Church bell
sHeesHmUoIo,Church bell
b6nkPmL55po,Church bell
ChHA4I5DWVo,Church bell
howjD-RiwKA,Church bell
NwfdXxNB6zs,Church bell
5UAwQRotU9Q,Church bell
ljRo59Lb71I,Church bell
i7LbVHMrs_8,Church bell
RUQfqCEo734,Church bell
HtT13EI1_tA,Church bell
N_bL5F7K9IA,Church bell
iMBjRWoBkoI,Church bell
NlNaUpYSagQ,Church bell
utIXg-Dp2Yg,Church bell
F70PNukSzMw,Church bell
mkijyf_P1Wo,Church bell
iAendlwoWYU,Church bell
TTYevyM_tUw,Church bell
vX8BvVKMfqc,Church bell
e-MkVbRmlIo,Church bell
g0DAdD46HB0,Church bell
mgsi5Glqi7g,Church bell
B1tbHqjK434,Church bell
-mlWcker_3o,Church bell
ah-Z4NPR1v0,Church bell
kPsni0gM26A,Church bell
235CwPMzBUU,Church bell
Wlx6cREoAo4,Church bell
gxI_VHCV6qM,Church bell
Dzb1TlmWmYM,Church bell
WM5R44UMLq0,Church bell
iHCnXCi1-Xg,Church bell
Xq5oTX4-Hnc,Church bell
VWi2ENBuTbw,Church bell
RUhOCu3LNXM,Church bell
nRKU5Ns6cnU,Church bell
AiJTCFtN0BY,Church bell
l0QJ30VXvGA,Church bell
0A0xlHVADkw,Church bell
aMqrOEG5AxE,Church bell
4vjDR_uDA-Q,Church bell
FMlIzLuIGzw,Church bell
Puo5cNcwawA,Church bell
LV4ueNAZVrM,Church bell
4c0uLxgFiVc,Church bell
WW8Scmk5YsM,Church bell
4akybxlJ67I,Church bell
LZYidtJoWO8,Church bell
LVfwQqtcSfw,Church bell
pkdMwCqjtzw,Church bell
eLJ-1bzHleU,Church bell
gtqH0ghizQo,Church bell
v-fC_-v8gj0,Church bell
1mOHH9xPSRI,Church bell
MCINU6Rb75E,Church bell
ovlSmajJXxc,Church bell
XtayTXu581w,Church bell
1_4j6VRHZAw,Church bell
Qocj8lVXvWA,Church bell
e_5ngCwYckE,Church bell
3IQHzT5O89g,Church bell
rAk7tyXYIU8,Church bell
Zlwu4AROYzg,Church bell
nUo8RVTx_d4,Church bell
Gavpgq1WWh4,Church bell
IW-EBHnhHAI,Church bell
oM5CRdBtKao,Church bell
9U3n8WVLTKQ,Church bell
oKkx_7snEP8,Church bell
qMZ1nj4fDas,Church bell
88pXcwZowhM,Church bell
QPXMFPTuxJM,Church bell
b63av9FMnMA,Church bell
otz4AffLKKA,Church bell
cjhDu8BokA0,Church bell
i5DOcfr2h18,Church bell
aMacjQ9_4FY,Church bell
fbjHO8McLxk,Church bell
HE6-xn3yROY,Church bell
V8jbmbQk0yI,Church bell
RmnYpN3XxXw,Church bell
iXpsqeezqJg,Church bell
7DbsH87BZHs,Church bell
MQLRFWXq8MY,Church bell
2GhLSOPjGMA,Church bell
80TUHi-3QuI,Church bell
Rnc4N2vVoV8,Church bell
aAM11PIFB4I,Church bell
Sqgc73hM6kA,Church bell
LUio86WKdfc,Church bell
tr-C-X-GOXk,Church bell
Rar7ZLJbxO8,Church bell
kXsp1e7LuvA,Church bell
JYtxd-8D6OU,Church bell
Tc1822d78oA,Church bell
g74_yD24iks,Church bell
-J2WJaG1Dd4,Church bell
g4yvlYbG1Mg,Church bell
D-1zfO68xNg,Church bell
frml0pfb_Jk,Church bell
HeZr6sKmSgM,Church bell
e0vkDOf20AU,Church bell
dS8UpWyUilQ,Church bell
f8uli6eFAss,Church bell
dVeOxT3fT8c,Church bell
GEJqlH0mCX8,Church bell
3uDl8Uyu-Fc,Church bell
aCFSsc8Q4So,Church bell
oCYJZmi--QQ,Church bell
7KKnsh4AkQk,Church bell
g55aHorM9fc,Church bell
uYB1VQ52h6s,Church bell
FuKgspEtMTo,Church bell
MH3m4AwEcRY,Church bell
A7L1ppU17Is,Church bell
d88slBelHe8,Church bell
TEAHz5kw8dM,Church bell
b3AAWs6-uas,Church bell
eRF4KAXdn0w,Church bell
gjCew0Kp0iM,Church bell
3ABx8xzQcs4,Church bell
C6PT_vPExmc,Church bell
0I_WwkebbeM,"Male speech, man speaking"
-ccciEuH9FE,"Male speech, man speaking"
0PGdsvvYLag,"Male speech, man speaking"
0KRqW2_b2wI,"Male speech, man speaking"
00N83yxKYUI,"Male speech, man speaking"
0FJMXT1NJQM,"Male speech, man speaking"
08IBKf1jJQ8,"Male speech, man speaking"
-UCPBAWhQAM,"Male speech, man speaking"
0RrXwp-m6uY,"Male speech, man speaking"
0779k0IOxkw,"Male speech, man speaking"
-AVfxHm4Y9A,"Male speech, man speaking"
0LJrMyxxxfo,"Male speech, man speaking"
-Yus8Ut2fUE,"Male speech, man speaking"
-Jnhn1NE54g,"Male speech, man speaking"
-3jhHgFEUp4,"Male speech, man speaking"
-EsCFzhpfCI,"Male speech, man speaking"
-H6BJfRqeno,"Male speech, man speaking"
-vx9zMc57AU,"Male speech, man speaking"
-GSCu896zWQ,"Male speech, man speaking"
0MWno7YOWK4,"Male speech, man speaking"
0dOhn114Xng,"Male speech, man speaking"
0pe9Azqa3N8,"Male speech, man speaking"
0GUjeQgnxq0,"Male speech, man speaking"
-2mdF47kZ2o,"Male speech, man speaking"
0rv-EVSEUUU,"Male speech, man speaking"
04pxOCRZfhg,"Male speech, man speaking"
0RoAsnTIm5Q,"Male speech, man speaking"
-tbgjodN-EU,"Male speech, man speaking"
0zPU4mw3bvY,"Male speech, man speaking"
0I9Vt2x71d8,"Male speech, man speaking"
0qvQIuQoODo,"Male speech, man speaking"
-v9k87jYE0Q,"Male speech, man speaking"
00AoQ3PeETk,"Male speech, man speaking"
-pi6fEexydo,"Male speech, man speaking"
0duq5feaxqY,"Male speech, man speaking"
-TCDqe327us,"Male speech, man speaking"
0wVM3uHLbfE,"Male speech, man speaking"
14S_r3opEFY,"Male speech, man speaking"
17PmRIJG9BQ,"Male speech, man speaking"
0vjGsf9FLgE,"Male speech, man speaking"
-mstarcmomw,"Male speech, man speaking"
-XmzKGZUnA4,"Male speech, man speaking"
0BhWZstb-Ns,"Male speech, man speaking"
0Glu5tCvIo0,"Male speech, man speaking"
-n4MmiWZnGc,"Male speech, man speaking"
-N0eWDX5v8Y,"Male speech, man speaking"
0rpm7fu8kOA,"Male speech, man speaking"
15pI-cO__lE,"Male speech, man speaking"
0mwUH8lRgFc,"Male speech, man speaking"
-qesxG4nu14,"Male speech, man speaking"
-oxIb4pGuh4,"Male speech, man speaking"
17gznXK9h44,"Male speech, man speaking"
-j9TbKCJMwI,"Male speech, man speaking"
-ogkuDwDw_s,"Male speech, man speaking"
0fLBygmve-E,"Male speech, man speaking"
-J_mFjrsMlo,"Male speech, man speaking"
0RnOTiwvgK4,"Male speech, man speaking"
-FdpRMw2CYs,"Male speech, man speaking"
06OCI6Yo7a0,"Male speech, man speaking"
0FF2Dm9GMDE,"Male speech, man speaking"
17tdWaF8VdA,"Male speech, man speaking"
0BV2NBQzQ5A,"Male speech, man speaking"
0zz6Hz52uHs,"Male speech, man speaking"
0rCdk2iMHSQ,"Male speech, man speaking"
018WshwFA94,"Male speech, man speaking"
-RlKkB4IcwE,"Male speech, man speaking"
0PS5dpjl7Vk,"Male speech, man speaking"
-4p4mZRIJ1s,"Male speech, man speaking"
-JDu_58J-vY,"Male speech, man speaking"
--HuBNHXu9I,"Male speech, man speaking"
0Bq0HyHm6_8,"Male speech, man speaking"
0z5DjT0a860,"Male speech, man speaking"
0Te4VzJujsw,"Male speech, man speaking"
-BQU6akf0qQ,"Male speech, man speaking"
0BtXs8pJmOg,"Male speech, man speaking"
0f7iF3vw50Y,"Male speech, man speaking"
-q4HLzyMUxc,"Male speech, man speaking"
-nJIexRFfVQ,"Male speech, man speaking"
-JZQwilSX9k,"Male speech, man speaking"
-t03ktje7jE,"Male speech, man speaking"
-NhJg_6k9CU,"Male speech, man speaking"
0EJFXZmK4LM,"Male speech, man speaking"
04Q-e-iNVi8,"Male speech, man speaking"
-oLwINFIPQs,"Male speech, man speaking"
0-aEZiPFkzE,"Male speech, man speaking"
-s3-Hnlvr3c,"Male speech, man speaking"
-wRJDykO59w,"Male speech, man speaking"
-YpRG5qEj-A,"Male speech, man speaking"
0-tUz87_uLU,"Male speech, man speaking"
17AsI52QIx8,"Male speech, man speaking"
03tTdPYjDbI,"Male speech, man speaking"
0teEyWmhLj4,"Male speech, man speaking"
-LvLoYGVfX4,"Male speech, man speaking"
0HGsJff6DOo,"Male speech, man speaking"
-lyM-5oOCjI,"Male speech, man speaking"
-QmzOJHDwH8,"Male speech, man speaking"
0doFG6PA1vs,"Male speech, man speaking"
0MosKyMBihk,"Male speech, man speaking"
0qPqcZFmwEQ,"Male speech, man speaking"
00vW6hUFKRQ,"Male speech, man speaking"
-_TT79lrHvU,"Male speech, man speaking"
-3rT1s94s3c,"Male speech, man speaking"
0Qt3f3Mj2Gs,"Male speech, man speaking"
-oQdrnUIhVw,"Male speech, man speaking"
-tmrgIt90mA,"Male speech, man speaking"
0g_yL-_a0k8,"Male speech, man speaking"
0wl59FGpEIw,"Male speech, man speaking"
-1UcysYcIKg,"Male speech, man speaking"
11RPJloKKWw,"Male speech, man speaking"
-DynYB9o5yg,"Male speech, man speaking"
0giAfYq9oVM,"Male speech, man speaking"
0JDc79hZo5k,"Male speech, man speaking"
-W_RCk7aPOg,"Male speech, man speaking"
-q_9x5bLKyM,"Male speech, man speaking"
0Gr7r7oTlqo,"Male speech, man speaking"
-hChcJAh5N0,"Male speech, man speaking"
-9R4WPSKE3Q,"Male speech, man speaking"
-ipvocZCWjs,"Male speech, man speaking"
0jK24ewcIdE,"Male speech, man speaking"
0X_M1R4YwP4,"Male speech, man speaking"
0MekMqiPc3A,"Male speech, man speaking"
-2xvB13pgTY,"Male speech, man speaking"
-E-Bd2J7Efo,"Male speech, man speaking"
0_p7OHdHpiM,"Male speech, man speaking"
-v_0rhBaWfQ,"Male speech, man speaking"
0SbjiZgDK-M,"Male speech, man speaking"
03Uae8NuzNE,"Male speech, man speaking"
-eF_bRS5kP0,"Male speech, man speaking"
16z_7p3kOQw,"Male speech, man speaking"
-sWYVL21pew,"Male speech, man speaking"
0yjCNGc9Nrs,"Male speech, man speaking"
0nqBKZrV_4o,"Male speech, man speaking"
0i24WckNCeE,"Male speech, man speaking"
0Jm6aODb5JQ,"Male speech, man speaking"
0SLli-eh_Dw,"Male speech, man speaking"
092mHVjlvaM,"Male speech, man speaking"
-tw8rn9BZ7o,"Male speech, man speaking"
-dqRTbErvlU,"Male speech, man speaking"
131FX2gFLiE,"Male speech, man speaking"
0NYUK2Ba3eA,"Male speech, man speaking"
13FuRK9C3Yc,"Male speech, man speaking"
-nJBHEz-3ls,"Male speech, man speaking"
7KSXUptBBYQ,Bark
N-UeTwaW5UQ,Bark
M7hcb2v2Z_0,Bark
CULZ1SLVGss,Bark
As5Pqpb3fsg,Bark
DRSiR-dkmU8,Bark
FsTXNxD8M2A,Bark
B9C0Op7MmkM,Bark
FVIFuRVAF5U,Bark
L19JIkJveBA,Bark
Joa_c5pYD7Y,Bark
077_m7wNT3I,Bark
7jUSEnnh5Ew,Bark
EIy5p1Xdgxs,Bark
MXBgLjHZcHA,Bark
2xobBryGD3A,Bark
2_ljDKHdv6g,Bark
N4QGTrobCxs,Bark
HdOeLKqorQU,Bark
03LzjpuHPT0,Bark
-nvJc7KvBJ8,Bark
2R8c_BR_kSQ,Bark
FM23Hwa0JxI,Bark
1uSavuICk1M,Bark
2Pdig-LaQo0,Bark
KibkO30TIGQ,Bark
E_1Asfq8it4,Bark
6e0_dUsCsVU,Bark
652KFi0iYBc,Bark
LyUDAW2U9Z8,Bark
FUDwqBG3YaQ,Bark
J3_Q0qL3raQ,Bark
FIzJB8UAB7s,Bark
2QKUFwKvRbA,Bark
MkJuGDph-1k,Bark
8VFNMp5K9zM,Bark
Hdu21U_FVs8,Bark
8ElyGpd6vcM,Bark
-P6nEMyReaE,Bark
9De2rgypTfo,Bark
C1EZ_2Fm1O4,Bark
J_lweeqInQo,Bark
6IiL4MF0Z0s,Bark
36xzrUTlmKw,Bark
CTwZONeLVrM,Bark
3KALVyKRScs,Bark
8B0fnWSFtyQ,Bark
JJAwEOQr7Co,Bark
BaT_gnccoF4,Bark
I89oTOuj1Ew,Bark
1H2XD5lUp8w,Bark
MpMwOWkg1u4,Bark
4gyda6wcww0,Bark
3mV_kzIAfb8,Bark
7a-SlB-TV9o,Bark
J0p_joNdGe0,Bark
KgKMe6oIkJc,Bark
F3AsQHJE5E0,Bark
0kTHgSzQkfw,Bark
5C2Ogf7efdU,Bark
Ao4ls4kFejw,Bark
E0IxV6UEqZ8,Bark
NDsC25x_gUI,Bark
MM9O504q7Zc,Bark
5eMCEnwZkcY,Bark
1wJoXRIRBfI,Bark
EvHgP6eSPxo,Bark
3iYj8V-OxJM,Bark
K6F1sogt46U,Bark
84Fw-jojR6E,Bark
6o8Iq_QBZoQ,Bark
-9YohOxYZ0Q,Bark
JBFvyolYWfA,Bark
CNxIeasZD74,Bark
12lHWBzDR9E,Bark
NOy1JrCodP8,Bark
BWPAtch_Xvg,Bark
Az3L_C6lAN0,Bark
Lj3XXQvlbRg,Bark
BJkDuJ2Q3uo,Bark
HeLXU0sydjA,Bark
MWFQerde_h8,Bark
DuYDDdcT-DM,Bark
B6kHGmBYycY,Bark
Eytilpo3UhE,Bark
J-Igx1Ucy-Y,Bark
8gYX8XhEOyg,Bark
CZVMFTPG_RE,Bark
6IKre5MZpAQ,Bark
NeWW30WZjPc,Bark
3xbAoVtkinI,Bark
5pSsC39eUHw,Bark
3k06yhK3sfk,Bark
IXAL71JiSAI,Bark
3nWeAosWK40,Bark
E0sj3IDKZME,Bark
F2qTJjE0pUc,Bark
7Hn6I8Sxr2c,Bark
GmetnCLxFHE,Bark
7MWwLEBjki8,Bark
K-VceyH2f6c,Bark
BHdi8AH1McE,Bark
-5rnGk2e1ao,Bark
0eaVWAwYCyU,Bark
8Jil7lxOl3w,Bark
CTMn3L0C5kI,Bark
8x8WnIpPisw,Bark
5KEPA_ORiVI,Bark
DxXFfGtu2zQ,Bark
2uRe-e8RVEM,Bark
Iwz2CW1hsVI,Bark
-XZsrkx1QTg,Bark
BhO04bUXL54,Bark
5-xKnAigQnA,Bark
I-1qF2Aa-uQ,Bark
H_bgPn81rww,Bark
L1wGG8KdOIw,Bark
6Flj55tSIQE,Bark
8C3AADRMw-4,Bark
4AYySiliYAw,Bark
1KZ0cJhqmW4,Bark
DAa3RlRYqus,Bark
6ExUE6V95Tw,Bark
LPmkUnCv6ow,Bark
4xW7mL-QIQw,Bark
Hbbfhs4R31c,Bark
0pxLE0wNx-I,Bark
JnvJwrYVeJA,Bark
-84CyEpynsY,Bark
B24WpHI9NBE,Bark
LEcrcFHKb-I,Bark
CalrtHAXuqs,Bark
BKRWEAYxHg0,Bark
E1FHRl3Qv_o,Bark
5hoASlZuPeQ,Bark
2QhjPJv7ido,Bark
HA9yvpvCI7o,Bark
8zL4trFJ1LY,"Fixed-wing aircraft, airplane"
0ws3LwMB9ns,"Fixed-wing aircraft, airplane"
JY26Uaws4DI,"Fixed-wing aircraft, airplane"
6VDVoRwopWE,"Fixed-wing aircraft, airplane"
Cvq5cPBfeRI,"Fixed-wing aircraft, airplane"
8laqrpkzTKU,"Fixed-wing aircraft, airplane"
GqFSNyW1Iis,"Fixed-wing aircraft, airplane"
Dzu7hVtOiFM,"Fixed-wing aircraft, airplane"
KLjwk9s6XsQ,"Fixed-wing aircraft, airplane"
8DxT_XyaT9w,"Fixed-wing aircraft, airplane"
G_R-8h08GKk,"Fixed-wing aircraft, airplane"
AAd3ZzKX1kg,"Fixed-wing aircraft, airplane"
Fc266wAbj_4,"Fixed-wing aircraft, airplane"
1dGmguC1hJk,"Fixed-wing aircraft, airplane"
Ip9JKi2ffg8,"Fixed-wing aircraft, airplane"
1AfXFAf3trQ,"Fixed-wing aircraft, airplane"
BRQVmM6fSak,"Fixed-wing aircraft, airplane"
-8MpVkOt4Hk,"Fixed-wing aircraft, airplane"
-iAUOrx_4Hw,"Fixed-wing aircraft, airplane"
J8DZ-gyauXg,"Fixed-wing aircraft, airplane"
KIFXOrj3lp0,"Fixed-wing aircraft, airplane"
4cuwf0Sq7lE,"Fixed-wing aircraft, airplane"
DynoOMg9Mvw,"Fixed-wing aircraft, airplane"
Cu-W6A6FRPc,"Fixed-wing aircraft, airplane"
1Co8vdldU2A,"Fixed-wing aircraft, airplane"
5Xy6dks_Zjw,"Fixed-wing aircraft, airplane"
5Mo7W3FN6ms,"Fixed-wing aircraft, airplane"
5_Gi8Bv8wZE,"Fixed-wing aircraft, airplane"
HNm214SkJPM,"Fixed-wing aircraft, airplane"
5-I8cdKmRCc,"Fixed-wing aircraft, airplane"
8vkOYo3ha1Y,"Fixed-wing aircraft, airplane"
3bZhLPACkUc,"Fixed-wing aircraft, airplane"
C7aKHANH3Sc,"Fixed-wing aircraft, airplane"
2xF7HatK22k,"Fixed-wing aircraft, airplane"
C3q2vSaKlHM,"Fixed-wing aircraft, airplane"
DO6HpMTSkF4,"Fixed-wing aircraft, airplane"
ACNFqxv_A0Q,"Fixed-wing aircraft, airplane"
B58-khpq9Qs,"Fixed-wing aircraft, airplane"
G5dYqqk97dI,"Fixed-wing aircraft, airplane"
2DsqCMYTVOQ,"Fixed-wing aircraft, airplane"
8q5l9_OSl_A,"Fixed-wing aircraft, airplane"
IuiGNyXXZaE,"Fixed-wing aircraft, airplane"
55k2oh0wtug,"Fixed-wing aircraft, airplane"
49ugTlJOSlc,"Fixed-wing aircraft, airplane"
2coSAx95GQU,"Fixed-wing aircraft, airplane"
3sV2UltJaKk,"Fixed-wing aircraft, airplane"
FlIOhn_oQLM,"Fixed-wing aircraft, airplane"
4nFtdiPKmZ0,"Fixed-wing aircraft, airplane"
EtwTPin7I1Q,"Fixed-wing aircraft, airplane"
-6oO5OktZVk,"Fixed-wing aircraft, airplane"
DBKdnHyDp5U,"Fixed-wing aircraft, airplane"
66_1TQ1FsT4,"Fixed-wing aircraft, airplane"
FQpo_whik1o,"Fixed-wing aircraft, airplane"
BCzr2lsLulY,"Fixed-wing aircraft, airplane"
0vWh6Knoer8,"Fixed-wing aircraft, airplane"
0rOrlLPYRzQ,"Fixed-wing aircraft, airplane"
12jPv5y32w0,"Fixed-wing aircraft, airplane"
-Mb3QaClyJI,"Fixed-wing aircraft, airplane"
CN0m9JCu4qA,"Fixed-wing aircraft, airplane"
5j9AJOlOzJI,"Fixed-wing aircraft, airplane"
EtdNyMsl1f4,"Fixed-wing aircraft, airplane"
CNB87LiLXso,"Fixed-wing aircraft, airplane"
Ie2KkAvU1zU,"Fixed-wing aircraft, airplane"
5BRITqoxrJ4,"Fixed-wing aircraft, airplane"
AdovQEX-Jco,"Fixed-wing aircraft, airplane"
-ZxXzLFFqAA,"Fixed-wing aircraft, airplane"
DRJL6tJFS98,"Fixed-wing aircraft, airplane"
FPIVRAQI9Ao,"Fixed-wing aircraft, airplane"
5qRMgTBO9NU,"Fixed-wing aircraft, airplane"
8bOXqESYb8o,"Fixed-wing aircraft, airplane"
-7hEpq9YLs8,"Fixed-wing aircraft, airplane"
E9jM9yUBZew,"Fixed-wing aircraft, airplane"
H9zD1nVSw9g,"Fixed-wing aircraft, airplane"
D8C_w71_4KY,"Fixed-wing aircraft, airplane"
I-KEgJSZ4c8,"Fixed-wing aircraft, airplane"
CI6A-TGvlRo,"Fixed-wing aircraft, airplane"
7633eW447cg,"Fixed-wing aircraft, airplane"
EY3fFSkPbaA,"Fixed-wing aircraft, airplane"
Es0nAaj9eaA,"Fixed-wing aircraft, airplane"
6qupraZ3Nag,"Fixed-wing aircraft, airplane"
40RKegr9zk8,"Fixed-wing aircraft, airplane"
1Qdk6W5OaVo,"Fixed-wing aircraft, airplane"
6cc_-n_lKiA,"Fixed-wing aircraft, airplane"
HTJLR3jbYTg,"Fixed-wing aircraft, airplane"
7brboN4nzcE,"Fixed-wing aircraft, airplane"
21BlW-li2Q4,"Fixed-wing aircraft, airplane"
0QPmJcB7MZU,"Fixed-wing aircraft, airplane"
2NRNCVQRJWs,"Fixed-wing aircraft, airplane"
CtdG32YHaTA,"Fixed-wing aircraft, airplane"
HQ6bw3Eou1U,"Fixed-wing aircraft, airplane"
1xKLPsJx7E0,"Fixed-wing aircraft, airplane"
BTVyXZR_iHM,"Fixed-wing aircraft, airplane"
-SuOK31Shjo,"Fixed-wing aircraft, airplane"
-Kj41tZzwUk,"Fixed-wing aircraft, airplane"
2F-k_NG5Nbo,"Fixed-wing aircraft, airplane"
3PxyZDi24Hc,"Fixed-wing aircraft, airplane"
3Xb3gGBvUBY,"Fixed-wing aircraft, airplane"
E99gGotJmUE,"Fixed-wing aircraft, airplane"
56KgxEF8yrU,"Fixed-wing aircraft, airplane"
36I3i529AiQ,"Fixed-wing aircraft, airplane"
JKJCpS-ejTs,"Fixed-wing aircraft, airplane"
4CzHeROJhNc,"Fixed-wing aircraft, airplane"
6nakxDQFBlI,"Fixed-wing aircraft, airplane"
2yKeNe31rpU,"Fixed-wing aircraft, airplane"
-LmeyyQrsCA,"Fixed-wing aircraft, airplane"
1Kd1eUeaKdQ,"Fixed-wing aircraft, airplane"
4X5rKJYvVfU,"Fixed-wing aircraft, airplane"
7o74RiDSb_M,"Fixed-wing aircraft, airplane"
5CC4RUxyCCI,"Fixed-wing aircraft, airplane"
JH9DchBimmE,"Fixed-wing aircraft, airplane"
4vird5nc6ik,"Fixed-wing aircraft, airplane"
052ec29Owas,"Fixed-wing aircraft, airplane"
Jt2ycIPZ2uU,"Fixed-wing aircraft, airplane"
Dc1MkxD0vME,"Fixed-wing aircraft, airplane"
8SQPfoFvUpY,"Fixed-wing aircraft, airplane"
-Tm1A0YWcY0,"Fixed-wing aircraft, airplane"
1QLdlIqDyHA,"Fixed-wing aircraft, airplane"
HyAGOtC2wtM,"Fixed-wing aircraft, airplane"
HLqhkZAW0K8,"Fixed-wing aircraft, airplane"
ESEEIPdBkog,"Fixed-wing aircraft, airplane"
-hFfhRVMYj0,"Fixed-wing aircraft, airplane"
Hp9Xg_DWJoQ,"Fixed-wing aircraft, airplane"
95jht_g3AXc,"Fixed-wing aircraft, airplane"
5nZu6QpfG0g,"Fixed-wing aircraft, airplane"
EMYgFKAZyf8,"Fixed-wing aircraft, airplane"
3qOK68-L2cU,"Fixed-wing aircraft, airplane"
58YmBQRlM0k,"Fixed-wing aircraft, airplane"
3p-N9U8C8gw,"Fixed-wing aircraft, airplane"
IvO1zqoBXAA,"Fixed-wing aircraft, airplane"
BjKc3RcWnM4,"Fixed-wing aircraft, airplane"
1Hdxp8W6IV0,"Fixed-wing aircraft, airplane"
F0Hr4Fy89f0,"Fixed-wing aircraft, airplane"
IOBbVjG2IC8,"Fixed-wing aircraft, airplane"
7wv251gTz9g,"Fixed-wing aircraft, airplane"
AQvhFMkI51Y,"Fixed-wing aircraft, airplane"
36ifFEokXgQ,"Fixed-wing aircraft, airplane"
9fjgGUKumyM,"Fixed-wing aircraft, airplane"
D2BfXuSxZLg,"Fixed-wing aircraft, airplane"
ANcBSwpwbZc,"Fixed-wing aircraft, airplane"
JBjsk5ha-Y4,"Fixed-wing aircraft, airplane"
BuVVYGQmC_I,"Fixed-wing aircraft, airplane"
2f0JKXfTPrE,"Fixed-wing aircraft, airplane"
BgIPAH8GV4E,"Fixed-wing aircraft, airplane"
GjDwrcfeZvc,"Fixed-wing aircraft, airplane"
AT5-AmmWlJI,"Fixed-wing aircraft, airplane"
KVZ3Yq-RGg4,"Fixed-wing aircraft, airplane"
-UX39TNCoJk,"Fixed-wing aircraft, airplane"
8wJGJIqr_eU,"Fixed-wing aircraft, airplane"
1ZeXHvqcMRE,"Race car, auto racing"
-WsmwJzAgLo,"Race car, auto racing"
2Jnv4ouZEEw,"Race car, auto racing"
-Nh8B2B_lPU,"Race car, auto racing"
4K8P4BoufRM,"Race car, auto racing"
4DFCW3aPDcY,"Race car, auto racing"
3Jfh4vUaw18,"Race car, auto racing"
3As6JHFBlVg,"Race car, auto racing"
4xudimm40HY,"Race car, auto racing"
5IRu9K0yzxQ,"Race car, auto racing"
-WwAxd-BBrs,"Race car, auto racing"
22olCB3wQaA,"Race car, auto racing"
6u_CZHfvlWQ,"Race car, auto racing"
7wtsszJc6V8,"Race car, auto racing"
446Sa0G5xCA,"Race car, auto racing"
4dSzEEFUMxM,"Race car, auto racing"
44sFddUuZDM,"Race car, auto racing"
3N_MqBnppv0,"Race car, auto racing"
3obLPXCKYpM,"Race car, auto racing"
2MK_wQr3Msw,"Race car, auto racing"
4Yti-J4YrX4,"Race car, auto racing"
7ZGjZTmhklA,"Race car, auto racing"
6QipAjvqRgI,"Race car, auto racing"
3lbqsEFf4Qw,"Race car, auto racing"
48OZxhWjepk,"Race car, auto racing"
3LgI2wLOgVE,"Race car, auto racing"
3HmqJtS2q2Y,"Race car, auto racing"
1hA5COzE6sY,"Race car, auto racing"
2JaOuIcH_2U,"Race car, auto racing"
-iWt2y7orGc,"Race car, auto racing"
5apSJFQBrOc,"Race car, auto racing"
1qJMhqDhaqU,"Race car, auto racing"
3Nwo_WKoHwk,"Race car, auto racing"
7iseubFVGVQ,"Race car, auto racing"
5QJ8SOQQZ7c,"Race car, auto racing"
8KskMOm3vDE,"Race car, auto racing"
4WfMsMlZgFk,"Race car, auto racing"
6KO3eMyEeOg,"Race car, auto racing"
6MST-YckqQ0,"Race car, auto racing"
-kOR7aKjFZw,"Race car, auto racing"
5LAmVOm_sx4,"Race car, auto racing"
7sByY3EL3bY,"Race car, auto racing"
6-qpfoByoa4,"Race car, auto racing"
5JSDRgTCt7M,"Race car, auto racing"
4Y_NJx-p_wQ,"Race car, auto racing"
0fM0Ssy2QPo,"Race car, auto racing"
7NUqdE-24VA,"Race car, auto racing"
-ltM8L2kktU,"Race car, auto racing"
-afoF2aiV0w,"Race car, auto racing"
6hL8HNIGdcY,"Race car, auto racing"
3ibg2eaD2jo,"Race car, auto racing"
1LAknnlMGEA,"Race car, auto racing"
5e_TRzVOHLo,"Race car, auto racing"
2zCcsxgX2_0,"Race car, auto racing"
8QDaWF7Ps6A,"Race car, auto racing"
3bbswz0Yzkg,"Race car, auto racing"
2S5BMgtCq7Q,"Race car, auto racing"
-n2EQH6q-2w,"Race car, auto racing"
5rI2La8NG7w,"Race car, auto racing"
-sdUv_DC28k,"Race car, auto racing"
5WVAcBwifo8,"Race car, auto racing"
8-sPfzsLr2k,"Race car, auto racing"
5G-0Rma9gJU,"Race car, auto racing"
57fIhnZBDeI,"Race car, auto racing"
-G7eX4G5Frc,"Race car, auto racing"
3Y5XYAlo4ME,"Race car, auto racing"
1bjZQVkbOdY,"Race car, auto racing"
-jwhbq9xZp8,"Race car, auto racing"
7dlXw9MV9U0,"Race car, auto racing"
2odAQZHNDRU,"Race car, auto racing"
7LvrJxH3o70,"Race car, auto racing"
-Yr66H8rlAU,"Race car, auto racing"
-f84OxDzI54,"Race car, auto racing"
2jXY8l00Poo,"Race car, auto racing"
-c96lccP5nc,"Race car, auto racing"
8FnSsokvqj4,"Race car, auto racing"
3Th367zDFec,"Race car, auto racing"
7lP4OIywYO4,"Race car, auto racing"
3zd4SD32QfI,"Race car, auto racing"
1baytYmpcTA,"Race car, auto racing"
4ua_-6aELrI,"Race car, auto racing"
73jR_P3k8Ok,"Race car, auto racing"
3NPJcISOvLc,"Race car, auto racing"
6d7kNY4LGqQ,"Race car, auto racing"
5jZ9_geG6t0,"Race car, auto racing"
3spkRSuAaYs,"Race car, auto racing"
-rdjUIVtyZg,"Race car, auto racing"
576UgLDJwdo,"Race car, auto racing"
0rrcR5ML7aI,"Race car, auto racing"
57kFw1rqgWw,"Race car, auto racing"
1DkfRgtApF4,"Race car, auto racing"
3UPXKVOz_PU,"Race car, auto racing"
1plsefHccZ8,"Race car, auto racing"
0Q4dvc6ZjZs,"Race car, auto racing"
7njTG7RNNcs,"Race car, auto racing"
2eaK9N7Wsms,"Race car, auto racing"
6fFgupzqqTQ,"Race car, auto racing"
89IYTbZz0UM,"Race car, auto racing"
-Z6NTNuLOTg,"Race car, auto racing"
8-NdOdHi7Aw,"Race car, auto racing"
1_EZv9lcy4I,"Race car, auto racing"
7Oz8a2uZjW8,"Race car, auto racing"
25JfZpQfJ8c,"Race car, auto racing"
-lg_Oz9glTY,"Race car, auto racing"
28nsX8pg7S0,"Race car, auto racing"
-WyobeAiz5Y,"Race car, auto racing"
2hfcKN22z1g,"Race car, auto racing"
-1q0XHPxqe8,"Race car, auto racing"
2BY4lNq_uGs,"Race car, auto racing"
3JAjNVImec4,"Race car, auto racing"
0fIUmzUs9vw,"Race car, auto racing"
5c-I4iyLr8s,"Race car, auto racing"
5WREYg7Oog8,"Race car, auto racing"
5JHNje238Gg,"Race car, auto racing"
3cMqNcphAxE,"Race car, auto racing"
2U1u2GjkYTA,"Race car, auto racing"
0JVINGZaGPE,"Race car, auto racing"
3YuBzhAU_Yc,"Race car, auto racing"
0WiZwf2uRgQ,"Race car, auto racing"
5vD5nr9SRsk,"Race car, auto racing"
2hQ5-4-knxk,"Race car, auto racing"
76HsyXBFRnU,"Race car, auto racing"
1Ie5wdMp3mk,"Race car, auto racing"
321--jOIuTU,"Race car, auto racing"
5l2xM19_hjk,"Race car, auto racing"
1_5PLcKZaN4,"Race car, auto racing"
-qYiJpX6cHc,"Race car, auto racing"
4xiXdC2QHyk,"Race car, auto racing"
6LanwlvMooY,"Race car, auto racing"
5b28fA_Xo7Y,"Race car, auto racing"
8PfAEW-985A,"Race car, auto racing"
42Bq1abaN5c,"Race car, auto racing"
0rpjOa_ecvc,"Race car, auto racing"
88_NB1jCIj4,"Race car, auto racing"
3LNQZCaXrMs,"Race car, auto racing"
-tIE2qVG1Bc,"Race car, auto racing"
0H69EaH1AN8,"Race car, auto racing"
49T03J454EU,"Race car, auto racing"
6mReoKOn-iA,"Race car, auto racing"
8GNlbYDeHE8,"Race car, auto racing"
6ySYK0CFbrs,"Race car, auto racing"
5h73UUgYA8k,"Race car, auto racing"
0pV0WP9I1zo,"Race car, auto racing"
1bhbl7bpQSM,"Race car, auto racing"
2lbpnXbGVmA,"Race car, auto racing"
7E2HRnGoY3U,"Race car, auto racing"
27Los1lbSXY,"Race car, auto racing"
4Db-g-FYKOA,"Race car, auto racing"
01lU03LHruc,"Race car, auto racing"
4bma6GcgXXo,"Race car, auto racing"
2LTe9T2zwEM,"Race car, auto racing"
1X_SXuZnH0U,"Race car, auto racing"
13oB1_84jpA,"Female speech, woman speaking"
-csuF-U56nQ,"Female speech, woman speaking"
1hXKHVcN1SE,"Female speech, woman speaking"
1ehMBHY_pcg,"Female speech, woman speaking"
-TCDqe327us,"Female speech, woman speaking"
0lYCzxUKhsk,"Female speech, woman speaking"
1AbraQN5TDw,"Female speech, woman speaking"
0s2Wju7SiGM,"Female speech, woman speaking"
09wv_icjkEk,"Female speech, woman speaking"
-15_ujUhjGs,"Female speech, woman speaking"
-cVZQDn6PNQ,"Female speech, woman speaking"
0nryXC0RnrE,"Female speech, woman speaking"
-Qo6QJo_tJA,"Female speech, woman speaking"
0779k0IOxkw,"Female speech, woman speaking"
-WPdQ49e5a0,"Female speech, woman speaking"
0sAL3SGoQAU,"Female speech, woman speaking"
-Zz2ZHMG6VA,"Female speech, woman speaking"
1gHWNOb6Aqg,"Female speech, woman speaking"
0lFf-HP86Q0,"Female speech, woman speaking"
1qXbCHgo6cc,"Female speech, woman speaking"
1ENeAjUSAoQ,"Female speech, woman speaking"
1jNzK_h-ISg,"Female speech, woman speaking"
1luaGhGRQXc,"Female speech, woman speaking"
1qQ0OCG3nQo,"Female speech, woman speaking"
0NdIc2geEW0,"Female speech, woman speaking"
1Bov3GgLoY4,"Female speech, woman speaking"
0CiRcrHGWio,"Female speech, woman speaking"
-YE1Llcxs7M,"Female speech, woman speaking"
-TFUbR-WO_I,"Female speech, woman speaking"
1TZZO0_euxY,"Female speech, woman speaking"
0SnfAAnpvQo,"Female speech, woman speaking"
-b3vHpLrbmQ,"Female speech, woman speaking"
041I2ehiMQI,"Female speech, woman speaking"
0r8w25rBQ-0,"Female speech, woman speaking"
1ADNvORkKLc,"Female speech, woman speaking"
-JlJFW2q_Q8,"Female speech, woman speaking"
1KOD4f2YSrg,"Female speech, woman speaking"
0XpEG6ryHQA,"Female speech, woman speaking"
0w5O_0J67Zg,"Female speech, woman speaking"
-Ylu5A5pDMk,"Female speech, woman speaking"
-aL62QsxrLw,"Female speech, woman speaking"
066kO16Btik,"Female speech, woman speaking"
1f_pYw5Uih4,"Female speech, woman speaking"
1yKyj281xQc,"Female speech, woman speaking"
0J7NMewwdKU,"Female speech, woman speaking"
0at9V1Ldzcs,"Female speech, woman speaking"
02qzkIBMTEw,"Female speech, woman speaking"
1Q22f-E9a9U,"Female speech, woman speaking"
-NL7tuUyLDM,"Female speech, woman speaking"
1SEN5deyHys,"Female speech, woman speaking"
0q2YcrI6NvQ,"Female speech, woman speaking"
04e9N_422v0,"Female speech, woman speaking"
15MysnqC2IM,"Female speech, woman speaking"
-Klhn0OiCyQ,"Female speech, woman speaking"
-7DYigCiqUk,"Female speech, woman speaking"
-Fk84HEl-7o,"Female speech, woman speaking"
-ukqIV-MwGA,"Female speech, woman speaking"
0i3CysXArLo,"Female speech, woman speaking"
0iTtD8RHj_E,"Female speech, woman speaking"
-aj5MhPpNM4,"Female speech, woman speaking"
1si0yIHBGSc,"Female speech, woman speaking"
03rU2dEkVsM,"Female speech, woman speaking"
1Sp45XJ-gKc,"Female speech, woman speaking"
-9l-036R7ec,"Female speech, woman speaking"
0SOdIMG2J0A,"Female speech, woman speaking"
1XB2W0pBAms,"Female speech, woman speaking"
0z025oeqQSI,"Female speech, woman speaking"
10RQxUIBTBU,"Female speech, woman speaking"
0QgATk3Gvs0,"Female speech, woman speaking"
-7n2lwXUzvM,"Female speech, woman speaking"
0VJa1W21b_o,"Female speech, woman speaking"
-d2YaOC6giw,"Female speech, woman speaking"
1oc_eq2-boc,"Female speech, woman speaking"
-SlN4B7PpvM,"Female speech, woman speaking"
0UKVpF73Uvw,"Female speech, woman speaking"
0w3J8f2ECFs,"Female speech, woman speaking"
1c5kl2itL9c,"Female speech, woman speaking"
0i24WckNCeE,"Female speech, woman speaking"
0LMYIYcYRcg,"Female speech, woman speaking"
-ccciEuH9FE,"Female speech, woman speaking"
-88W59dB47w,"Female speech, woman speaking"
1X3yXUw7Pe4,"Female speech, woman speaking"
0EyRvpCdD3M,"Female speech, woman speaking"
1XZHJgCwJ3w,"Female speech, woman speaking"
1BFpJ67aM6s,"Female speech, woman speaking"
0fHjkiXoook,"Female speech, woman speaking"
0Z_RMWCAJxE,"Female speech, woman speaking"
0eTsymMaeDg,"Female speech, woman speaking"
0NmA9tKpBdw,"Female speech, woman speaking"
0roUiwd5-So,"Female speech, woman speaking"
05g3TVCbDAY,"Female speech, woman speaking"
1RrMaovFW4g,"Female speech, woman speaking"
-Qasv3-SbGA,"Female speech, woman speaking"
-_6ONBcE92A,"Female speech, woman speaking"
18tvCGgxUWA,"Female speech, woman speaking"
0qmhy60KNa8,"Female speech, woman speaking"
-elLA6vzAig,"Female speech, woman speaking"
-_wc9AWT4ys,"Female speech, woman speaking"
1firq5JazIQ,"Female speech, woman speaking"
-IGsyG6woCo,"Female speech, woman speaking"
-7cd9myo7J8,"Female speech, woman speaking"
1BEonVxnQl8,"Female speech, woman speaking"
0Hupk6kyvgA,"Female speech, woman speaking"
13v94lbKNz4,"Female speech, woman speaking"
-9R4WPSKE3Q,"Female speech, woman speaking"
1P4RTxyrT5k,"Female speech, woman speaking"
0rwlIFdDpro,"Female speech, woman speaking"
1VCHaxlF37s,"Female speech, woman speaking"
1LoWXJkNzms,"Female speech, woman speaking"
09pMJyKUdyI,"Female speech, woman speaking"
-3K9y6H3Jos,"Female speech, woman speaking"
0QwLjDpW3Wk,"Female speech, woman speaking"
-iTivTyfpDM,"Female speech, woman speaking"
0NgNB76TTJM,"Female speech, woman speaking"
0vHTUkZJeDQ,"Female speech, woman speaking"
0gGorf7xlG0,"Female speech, woman speaking"
1ND8VUM6VKw,"Female speech, woman speaking"
0fh8oPCElLo,"Female speech, woman speaking"
0wb1u-T46ZA,"Female speech, woman speaking"
-Yd-Mc2L5Sc,"Female speech, woman speaking"
0gDq49p6egk,"Female speech, woman speaking"
0PV3MVLId_o,"Female speech, woman speaking"
-pHFn_KSw-k,"Female speech, woman speaking"
-Wz9O_WKZvo,"Female speech, woman speaking"
1FmSxmpitBA,"Female speech, woman speaking"
1G6nF00GkGE,"Female speech, woman speaking"
1oljETWkf0Y,"Female speech, woman speaking"
1q5fJHQQXlo,"Female speech, woman speaking"
-rsuD0JXLRk,"Female speech, woman speaking"
--9O4XZOge4,"Female speech, woman speaking"
1dl5bCNQWA4,"Female speech, woman speaking"
-4FlKZIo8B4,"Female speech, woman speaking"
0se7kFTtbpk,"Female speech, woman speaking"
0ADHrKrIkis,"Female speech, woman speaking"
0bQdRu0RzOE,"Female speech, woman speaking"
-jjWi-og5Qs,"Female speech, woman speaking"
-s2ciciIvYU,"Female speech, woman speaking"
014i-70HC_s,"Female speech, woman speaking"
07ul7lRva50,"Female speech, woman speaking"
-lxbjjB7bUk,"Female speech, woman speaking"
0I4jIbmmyrI,"Female speech, woman speaking"
EmFgN1D2D10,Helicopter
7lREiHMv_GM,Helicopter
F78DbT-liuw,Helicopter
DrvYM8g3HWk,Helicopter
E96ur1VuinY,Helicopter
5Ay777GyQ2Y,Helicopter
BLPhHIrPYMk,Helicopter
1H0fdBjsZHc,Helicopter
AKZxerXZ-sw,Helicopter
F12XKqXG7t4,Helicopter
CglrQQudK2o,Helicopter
-AcwZ-xmAKY,Helicopter
7Wb2zZQkpPo,Helicopter
DP39sTllcPU,Helicopter
99c5p4GvVcg,Helicopter
0LO5TLbEQzA,Helicopter
FXuFWtiLMxg,Helicopter
ArVDnCbQ6mU,Helicopter
FNKoY0cROHY,Helicopter
CgGGijaRZ30,Helicopter
EpBw3lXQ5Cg,Helicopter
5OowZH6JXAI,Helicopter
-MBK7t1sbXk,Helicopter
7PaGJgeMYiw,Helicopter
0vvHATeHM_U,Helicopter
0ZOyJM8b0a0,Helicopter
7YsVOrYcW9c,Helicopter
43a9o1UL3TI,Helicopter
FC2dqJhsfx8,Helicopter
A0bmJCe7zbg,Helicopter
-WyUAnVpexc,Helicopter
DZPQHyoP8ts,Helicopter
91jPcI80dkI,Helicopter
5Ze_0ECLLnI,Helicopter
FUE8F5Pr8Sw,Helicopter
3mvE_CeH9q0,Helicopter
36I3i529AiQ,Helicopter
-1mhTVA9zqU,Helicopter
2siyhxvZpWI,Helicopter
4m3_sQNLo80,Helicopter
FYBpc2RR7aI,Helicopter
3xMSOjiX1pg,Helicopter
6gC-UfM4t98,Helicopter
2OeVmkt7p0o,Helicopter
8-E3tzyQdN4,Helicopter
AODykrJqBko,Helicopter
BCyCm2E_GC0,Helicopter
4hijHihnKzY,Helicopter
0knMgMsQ-lY,Helicopter
47GfoGWORYU,Helicopter
3Jlf2R6FBRA,Helicopter
7aWM8cEBVy4,Helicopter
D9EnXMToTMw,Helicopter
BDGpC-SWuz0,Helicopter
7behQn6vykM,Helicopter
-Wr1LEmgz9w,Helicopter
5RPDLz_RCbE,Helicopter
-sW-B-uUiPA,Helicopter
CVok0hnJLZA,Helicopter
7qXlcJBcBPw,Helicopter
5-PEMVaZm10,Helicopter
6OlHuvJR_Dk,Helicopter
16k-hKzQqKc,Helicopter
2G3-4D-Mxoo,Helicopter
9MgFjf90ABQ,Helicopter
FZGpYL4r4Ho,Helicopter
CSVLZgWziqI,Helicopter
-gobcCuHQoQ,Helicopter
5mlkQdadkx0,Helicopter
EzPcmdRIlSI,Helicopter
16Ylfk61oag,Helicopter
967itZck8sU,Helicopter
6WUhDerByUo,Helicopter
EFqwcSJjHqs,Helicopter
CLm9FYDRxsA,Helicopter
CCMjMP46j-Y,Helicopter
FUJYAhOKzCU,Helicopter
AQh9Zek1q8k,Helicopter
-HZOsrgheYc,Helicopter
2rLgSQ6sLxM,Helicopter
Fqc_5UqYffI,Helicopter
BZ4ZWaQRP8E,Helicopter
FjkQX_T8bII,Helicopter
8gaanZpIl5E,Helicopter
EPy49OAZV-4,Helicopter
5_ChtfSQnVs,Helicopter
8MMDd9rzl8o,Helicopter
-_G5KZvVCMI,Helicopter
A5o4-vMEWMM,Helicopter
5ooG19gLD5A,Helicopter
1uMyymBV_eU,Helicopter
0fdnGzlzzl8,Helicopter
6B2bI7JRiIU,Helicopter
DOoxj59sxvM,Helicopter
EOiAYnxF4fo,Helicopter
D1YtwSPVnP0,Helicopter
7G9Y_TNt_xs,Helicopter
8q_vgp0FDhI,Helicopter
2okJDQuTVF4,Helicopter
7iIBkME4bSM,Helicopter
FjkiiZMeI2k,Helicopter
ALdPf99u3s4,Helicopter
6aO0A4cmi9I,Helicopter
9LDdYvmbnD8,Helicopter
ApqTL3dFTdM,Helicopter
FK9oTEg-Qms,Helicopter
5OGUvwQxWtw,Helicopter
71veX4kAgNc,Helicopter
0KNggadS53A,Helicopter
8fpT6nvaEw4,Helicopter
6U1UM2ehgr0,Helicopter
E509105txOk,Helicopter
C4wisOkrsSM,Helicopter
77Rgr5p7dtk,Helicopter
1MeRHPU7oTs,Helicopter
9fewLloOpjQ,Helicopter
2vXlGSNtcn0,Helicopter
D_Tb_hVLBkw,Helicopter
Cw-US2uaOKs,Helicopter
3ZEHgq1o8PI,Helicopter
7BYaHGoCg0g,Helicopter
8_Pmym95DbM,Helicopter
4-_S8clAs8w,Helicopter
DrZEPAUwSCg,Helicopter
-tEpMSIHIsY,Helicopter
EqrMUYD6Ix4,Helicopter
3Rgjs_ttdxs,Helicopter
1BTrRnoPvnM,Helicopter
AS_csvqtZng,Helicopter
4-HzUlmVNP0,Helicopter
47kDSAP4A_0,Helicopter
-pcoDyofmLo,Helicopter
1pmY5M8h-8A,Helicopter
C2A9dIL2ECQ,Helicopter
E96pdA9hIPw,Helicopter
187cVfWpf6Q,Helicopter
4jffpo1xQ9k,Helicopter
Fygm03Gw19Y,Helicopter
56FMrkKJ96k,Helicopter
3WAUAEIdzQU,Helicopter
6Hz2So8JxHE,Helicopter
9ZsdRZcDAk4,Helicopter
3rJj2ydeqpM,Helicopter
05yvRPwj3Cs,Helicopter
0AZfjBY9tHE,"Violin, fiddle"
06dCAQutFeI,"Violin, fiddle"
-JqByn7kx3Y,"Violin, fiddle"
0NrmVMah5nU,"Violin, fiddle"
-NAZ0ixJWF4,"Violin, fiddle"
-0oSwiPKEj8,"Violin, fiddle"
-CscQIBl36Q,"Violin, fiddle"
-mDW9a2uO2w,"Violin, fiddle"
-LIq9pGlnTY,"Violin, fiddle"
-yvy9lS5DC4,"Violin, fiddle"
-Y2sKwI9B9M,"Violin, fiddle"
083JHGTpL2U,"Violin, fiddle"
-JGD51XS0fE,"Violin, fiddle"
090RykWGyM8,"Violin, fiddle"
-Ro3d3r00FA,"Violin, fiddle"
-Q1CUEeVi6E,"Violin, fiddle"
-X9bMbQzn7E,"Violin, fiddle"
09y9Cjo8qBQ,"Violin, fiddle"
-6Cd_Prg5Uw,"Violin, fiddle"
-n0Ely4TkHc,"Violin, fiddle"
0R4ILgLLd_o,"Violin, fiddle"
0X0qLl0qk5k,"Violin, fiddle"
-RHnV8SgISI,"Violin, fiddle"
0ENppvcY0Yg,"Violin, fiddle"
-i5p-3d7kFs,"Violin, fiddle"
-Qeg1Ni9zJs,"Violin, fiddle"
-EKC_s8NSwM,"Violin, fiddle"
0XGuKUbGgdk,"Violin, fiddle"
-E9YQ_Uhu50,"Violin, fiddle"
0L0hWqQ4mUw,"Violin, fiddle"
-2Z4tIHnFOY,"Violin, fiddle"
-1idZtsYyTc,"Violin, fiddle"
0N4aDYt8vmI,"Violin, fiddle"
-fKtsaoyzlQ,"Violin, fiddle"
-Wryg7wUWdo,"Violin, fiddle"
-uzmhZ24gHM,"Violin, fiddle"
-xtiBEc4RUc,"Violin, fiddle"
-hgcF6fF9BU,"Violin, fiddle"
-6s1gTC8840,"Violin, fiddle"
-d_sRt95HmY,"Violin, fiddle"
-huGQE06qqM,"Violin, fiddle"
0M16447BSZI,"Violin, fiddle"
004KfU7bgyg,"Violin, fiddle"
-ezSL_ZuEg0,"Violin, fiddle"
-XJ1i40XSIw,"Violin, fiddle"
-VV4ZirEsAc,"Violin, fiddle"
-uF5lFI4yns,"Violin, fiddle"
-3GWOM3I5LA,"Violin, fiddle"
-GJvu5hr6w4,"Violin, fiddle"
0JIcv-DFwYM,"Violin, fiddle"
0FYLEr64xxU,"Violin, fiddle"
-3yHOCvKOaQ,"Violin, fiddle"
08EE7Zv2Gf4,"Violin, fiddle"
-sTWUmy-25w,"Violin, fiddle"
0IAWblvBM7k,"Violin, fiddle"
05RY2-9-hXU,"Violin, fiddle"
0X0DtfCcjEk,"Violin, fiddle"
-Ggoa1lqzRg,"Violin, fiddle"
-fqWzXRXP7M,"Violin, fiddle"
0KKDRvBdWsE,"Violin, fiddle"
-ZQw6V4dT1o,"Violin, fiddle"
0YJrISi-lTo,"Violin, fiddle"
-nUmTcz7dgQ,"Violin, fiddle"
-rdwJtcERb4,"Violin, fiddle"
-61v0b2F21A,"Violin, fiddle"
0UNYovC8n9g,"Violin, fiddle"
04eh7k5xv9A,"Violin, fiddle"
-ntErCvN1ss,"Violin, fiddle"
-SQKVtCSRjE,"Violin, fiddle"
0Fk7a-aiZdM,"Violin, fiddle"
-TpU0J8vOlk,"Violin, fiddle"
04x1a3i5gjs,"Violin, fiddle"
-2ijQCslgj0,"Violin, fiddle"
0OSl2IZashI,"Violin, fiddle"
00srV0nyZtg,"Violin, fiddle"
-VPnsBcOq7U,"Violin, fiddle"
0AIodkLmuII,"Violin, fiddle"
-1I7Ku2GAZo,"Violin, fiddle"
07UuUflaslA,"Violin, fiddle"
0KtFutA2J1M,"Violin, fiddle"
-9_5_2i4igQ,"Violin, fiddle"
-RRCnBd5Qak,"Violin, fiddle"
0JNcQYK8a94,"Violin, fiddle"
0TWd6DwQRoQ,"Violin, fiddle"
--iY3Bf4hDg,"Violin, fiddle"
-SL61Q4vRLg,"Violin, fiddle"
-rdzFTStoNw,"Violin, fiddle"
-l8Ks3BawL4,"Violin, fiddle"
-EfnqyyqHuI,"Violin, fiddle"
-AbnGnFITGM,"Violin, fiddle"
-YGR7c_L3wQ,"Violin, fiddle"
-BynDAgP_zc,"Violin, fiddle"
-SmX8cI9ZCE,"Violin, fiddle"
0CzNTEBCTds,"Violin, fiddle"
-24v8ZteFC8,"Violin, fiddle"
-lLcUaZt6Vk,"Violin, fiddle"
-VyEfhE452s,"Violin, fiddle"
0PEMtgW6_mI,"Violin, fiddle"
-DnjK1sLR2M,"Violin, fiddle"
-NCD5jfkapA,"Violin, fiddle"
-d8Q6gOeHws,"Violin, fiddle"
026BvXYsIqM,"Violin, fiddle"
-lzqscBFCxA,"Violin, fiddle"
-odIm2rNR5M,"Violin, fiddle"
-gFVa6dwSJg,"Violin, fiddle"
-wcwrkUJwhM,"Violin, fiddle"
-xZwU-M8vsY,"Violin, fiddle"
-3GFNPmr0_M,"Violin, fiddle"
0WNy38Xx3kc,"Violin, fiddle"
0ONazqtTC-4,"Violin, fiddle"
-iWQIRy_CWw,"Violin, fiddle"
-7tDh-UQR7Q,"Violin, fiddle"
0B_OLBFyHnk,"Violin, fiddle"
-lyAiroSiIs,"Violin, fiddle"
-t25VKop7dg,"Violin, fiddle"
-XQuhhINNSM,"Violin, fiddle"
-nllZ47l4uY,"Violin, fiddle"
-IsuouQLfPI,"Violin, fiddle"
-G9X4ZlzHTQ,"Violin, fiddle"
0EwidalEnG0,"Violin, fiddle"
-utUG50WGeY,"Violin, fiddle"
0U0uwSntM14,"Violin, fiddle"
-J1udlCxfrk,"Violin, fiddle"
-280mIOJVUg,"Violin, fiddle"
0Yzy64YAza4,"Violin, fiddle"
-wDLKvx44fA,"Violin, fiddle"
0Og8Oj2RaZw,"Violin, fiddle"
0-iMdncudHA,"Violin, fiddle"
-hcOpvKXsMI,"Violin, fiddle"
01eaWG7hqG4,"Violin, fiddle"
-QotwZFNJ9Q,"Violin, fiddle"
0ZfizHq_2g8,"Violin, fiddle"
-e96lkRatLc,"Violin, fiddle"
0ba56xUvipg,"Violin, fiddle"
0IbQ16JuAtM,"Violin, fiddle"
-fnxKmxDa9s,"Violin, fiddle"
02BhKBRW_b4,"Violin, fiddle"
0Zlz-cu42QA,"Violin, fiddle"
-hxJwo4l_fM,"Violin, fiddle"
0XMWF5n00ss,"Violin, fiddle"
08iMXjx3IVI,"Violin, fiddle"
-_JY_gVLNNQ,"Violin, fiddle"
-g0SzbEqZMI,"Violin, fiddle"
-enC8sDhRiE,"Violin, fiddle"
-AH16AxvfOk,"Violin, fiddle"
07PXcxt0VSQ,"Violin, fiddle"
0-_8Cj1TtIo,"Violin, fiddle"
-yPVxHKyqZM,"Violin, fiddle"
0ShszGF-93I,"Violin, fiddle"
0I9fe2phsiE,"Violin, fiddle"
0ODqviTw47E,"Violin, fiddle"
22DapbNwnUY,Flute
-E1Vroh3yh0,Flute
2EjcbMVMaz4,Flute
-O6JZg_THsc,Flute
-xIQ2G2zWfc,Flute
-sfV2dSHbiU,Flute
1Uy5_ZcBqXY,Flute
2Bm3Zpeo2JY,Flute
1vFdPpeld54,Flute
-Mw6aR_FTk0,Flute
-BTusKdsjjA,Flute
0QHxl_qa77U,Flute
0WKZxrxHxl0,Flute
1rCcmrAW9ns,Flute
19c36lShGlo,Flute
-PP5Hx17amY,Flute
18_CQWcNHr0,Flute
2KIy7kcFs60,Flute
1zMxPsTPu9k,Flute
1X-GaM6yDjw,Flute
0fB1C972a9s,Flute
-zTASP2V65Y,Flute
0RIc6mwDRaQ,Flute
-ub8zdZ6YS8,Flute
0VAnPig3WLE,Flute
02uvuZ2KlJA,Flute
-rZxQqq2YpU,Flute
0DyF9qIWY6s,Flute
2BjUyKgD-8w,Flute
-faXMDW9jUw,Flute
1mhn6Do2W2o,Flute
-mHbsc2gctI,Flute
1_BLcC4Mr1E,Flute
0Joj06p-hNk,Flute
-3c95C5K-Rs,Flute
-Fk62y-1WHo,Flute
0KmQB2IFeh8,Flute
0RHYjEmz14Q,Flute
-O2NYN9A5I0,Flute
02IujCknWXY,Flute
-_JY_gVLNNQ,Flute
-XrLFOaZxa0,Flute
-VMucqAakNE,Flute
0B89rImrFoc,Flute
-YmTTXFmlq8,Flute
0_ixmalQrig,Flute
1fioenvrmUQ,Flute
0BvEqduxKS0,Flute
0mAJOcH2T_Q,Flute
-5MpRM5DfFI,Flute
-EykObuahN0,Flute
0KSq796EsCM,Flute
0-I1-DOC-r8,Flute
2GnUD9XypV8,Flute
2CP8TX5HzeU,Flute
2H5hjd6e-24,Flute
-QVO0p4jbho,Flute
0p1f15EtJ0Y,Flute
0yc_iBaIIRQ,Flute
-cFbJ160-hA,Flute
-4Y0LjkowqY,Flute
-e-ZVr_GYO4,Flute
-A3b9tZs-eE,Flute
-h7I-CCgCbQ,Flute
0LRrqxDqL6s,Flute
0NDdfOUfupI,Flute
0nF7-MpTtGU,Flute
2LUiYpPgf74,Flute
1Q0La5XzFq4,Flute
0DPGYHI0VAY,Flute
-gtGMV1jQNc,Flute
-pn6MtEWQKk,Flute
-BaY2ollfyo,Flute
-x6okg0mltw,Flute
-1UKhxopZpk,Flute
20heCbODoEQ,Flute
0dfquUiWARI,Flute
-y1Pkp5n1Ak,Flute
25G6abiJUc0,Flute
0bgXSHa41o4,Flute
-jHHCTHxDp4,Flute
-lfNkn9lZt4,Flute
18EtDBfPK_I,Flute
-4TJHvjsYrE,Flute
-YY2Y0PRp-4,Flute
1VAkPqd10bg,Flute
-7f3Jc2itJ0,Flute
-oGtiSwccH0,Flute
0FoG92UkxIo,Flute
1bjJ5yKlNwg,Flute
-_wBqo5pn7U,Flute
2187lj8WdCo,Flute
-w6CrjqhlfU,Flute
1e-wZqDtiAM,Flute
0sDQRjQ1fcg,Flute
-bja0Dc1s7o,Flute
0466MKJ7tQk,Flute
-oXV2Idhvuw,Flute
014wEN3qV1E,Flute
0BeK2AbDt3M,Flute
0yeb4WhFTZY,Flute
-CXPQTCphQE,Flute
2LEvipyAJp0,Flute
0N4yv1wNM5Y,Flute
-uwEUd-C0bQ,Flute
1t9dIA0lR-k,Flute
1HJCaZaF_TE,Flute
0Ptziqr4tBc,Flute
0ev7l1nkxQM,Flute
1nEyvqO93kc,Flute
1OcpIkB_Kio,Flute
2JIQ5CHGhn8,Flute
0d2eiDp3N5k,Flute
23Z4Se9i7g8,Flute
1Gy2t9OSfMU,Flute
1YAwus2Z5CY,Flute
11sQB4lQ-VU,Flute
-OdAfi6xZWM,Flute
0Yk2jwVJCjk,Flute
-dKiaWqUJf0,Flute
03NQmCrlsyY,Flute
0IJtUPRU6BY,Flute
0biR8Pad0FQ,Flute
2GLyeRlmagA,Flute
0HbpWijLnhQ,Flute
1v4yttojmSI,Flute
-9X3h2WLxEo,Flute
0fsbhgjBvmM,Flute
-JUE1yeH0FY,Flute
-nkcTTWWn2g,Flute
00rzcEOCB5U,Flute
0g5nE-8EevA,Flute
1bGlVNcyZTg,Flute
0GUI0mNURGk,Flute
0McmdH07r7w,Flute
0gTirOSN_i4,Flute
-QMzUFcZM7w,Flute
1-MTST2LHvI,Flute
0h8HxZaX9wQ,Ukulele
29mjClwVi30,Ukulele
1vu3rEPmUiA,Ukulele
0WO9VM3BLNk,Ukulele
07Pzrop9-6k,Ukulele
-mMr3S6543A,Ukulele
-lFg_rp6QkA,Ukulele
2Z05Dcg_PlA,Ukulele
-QVO0p4jbho,Ukulele
1MFXSBjJbtM,Ukulele
1qrOjqPExcA,Ukulele
1IxIvUFJZrw,Ukulele
-Ciz5Qz9-xw,Ukulele
-k_s7yZFmC4,Ukulele
21zzs1O5WkI,Ukulele
-N18nhlehc8,Ukulele
1zTYiYCegfg,Ukulele
1oGivairkgw,Ukulele
2qQ7lCLDnxU,Ukulele
19obIgE_LqM,Ukulele
19SU_fqaZek,Ukulele
0f_iTO5t3hU,Ukulele
-r3_dzCQbVw,Ukulele
-qKTiVov9NQ,Ukulele
1vOfe_Fb2N8,Ukulele
1JhuwQD0Jsw,Ukulele
-qzbB9LVew4,Ukulele
-ydzVCB1oNg,Ukulele
-V9yRz2lBhU,Ukulele
-wwLSHIxjt4,Ukulele
2iInCeXo-7s,Ukulele
12UDDOv3bY8,Ukulele
0-AWASt7xeQ,Ukulele
2NOd2l2d5to,Ukulele
1lkzwa4iSmk,Ukulele
-_hc8mN17g4,Ukulele
-rTKkq7PvjA,Ukulele
1toyAZ-12KY,Ukulele
-1oiBXgssuE,Ukulele
0qMHkYM6ZtI,Ukulele
1L8VgRiLyIc,Ukulele
1iSTc1dg69I,Ukulele
1ce0pV5sgpQ,Ukulele
-MKm0TPhKaA,Ukulele
1E3Uqu74Mv4,Ukulele
-1qyr-IzqKY,Ukulele
0XGEabNAap4,Ukulele
0NwJfHxeDlI,Ukulele
23Tdr37Ko-U,Ukulele
00xh5DNtdQ4,Ukulele
2jEiD0jmYsA,Ukulele
20TX1N4crxk,Ukulele
-2JaPqD9rIY,Ukulele
13mhIKgw118,Ukulele
1LuPtkH4vMg,Ukulele
1ydZZWtDpz0,Ukulele
-e5vRcXkOVg,Ukulele
2Y7qqDpdmok,Ukulele
1hZV-4QbK38,Ukulele
0GGGjF6zXfE,Ukulele
2qVuxENcRvw,Ukulele
0imJ78XfnRo,Ukulele
-4WY4R15nmM,Ukulele
-_kWjEk9hCY,Ukulele
0FzRCRTeyMQ,Ukulele
2hhRZQY2NTE,Ukulele
2gTs8EasBMU,Ukulele
0QqK0U5u2HQ,Ukulele
0YhtMymtVFk,Ukulele
0wCBtMTf_88,Ukulele
-SLx_3eTU6k,Ukulele
0RiQLalc7pc,Ukulele
-lStxlbxQMo,Ukulele
-XvNSVqRNHU,Ukulele
-WHymqVONQA,Ukulele
-nPu25KmQqE,Ukulele
2BVX5lYZvLQ,Ukulele
07aML2ZU52M,Ukulele
2p9L2wSE6tk,Ukulele
1_xD_7mK7_0,Ukulele
0aOckbqixXs,Ukulele
1mW1stI1nNI,Ukulele
-1NiUjILyBE,Ukulele
2V7daNwC7Uw,Ukulele
-8oNYbn9WHk,Ukulele
1o0xgU4FUj4,Ukulele
-riA9LdxG5k,Ukulele
-6qVa2xwmg0,Ukulele
0rIKtjveTik,Ukulele
2et7ldOpKs8,Ukulele
-8uiE24x91w,Ukulele
-F5wSJwBZjU,Ukulele
2FVh5eFSiFc,Ukulele
2R6Ppsd2KpU,Ukulele
0A2v8L5O664,Ukulele
05X04m1TyeA,Ukulele
2nYtMePHy1o,Ukulele
0JtzzBWr08c,Ukulele
0DVDTCjpZwQ,Ukulele
-nZcEySt5Vs,Ukulele
2-I0oSqmEHQ,Ukulele
2UMJkuaqulA,Ukulele
1QMl0bBsEkc,Ukulele
0B_ad6JF4a0,Ukulele
-HRf0jsWypE,Ukulele
2eieVfdUiuc,Ukulele
2DqzoD3m_9o,Ukulele
1CLOP18zemg,Ukulele
-NKHrtkWz_U,Ukulele
0cKUAJ9rr0M,Ukulele
2W_KYL2M3Rk,Ukulele
0jUHZaxNets,Ukulele
-vZf-9zRto4,Ukulele
2_PLS-BBdEA,Ukulele
-uBucuEllR4,Ukulele
2dmQtVvi3fg,Ukulele
-q2paSVuDuQ,Ukulele
09RaG2951nw,Ukulele
-otTsLHKEh4,Ukulele
28bKSi6GCfE,Ukulele
2BNnBRomt2k,Ukulele
0m233BH8qu0,Ukulele
-lPBAqIopMo,Ukulele
11jiKbSqv7Y,Ukulele
2lE-RWT9T_o,Ukulele
1GMx8Gu5h_g,Ukulele
1DREQo2-CLQ,Ukulele
16eUxQwxxbs,Ukulele
-RZ7_2sErXo,Ukulele
-gREEONxBkk,Ukulele
1sSJ0VII-4s,Ukulele
Acv5XdRQYUg,Frying (food)
621uG1-AkPg,Frying (food)
4GNasJv6pKg,Frying (food)
A_Ed02Fc8uI,Frying (food)
-x849pIf37k,Frying (food)
5-P7x4FV4lg,Frying (food)
-1IQfWwrPbc,Frying (food)
-mNmhJs1pYM,Frying (food)
3ZRozrd07kY,Frying (food)
6zBQwvfO958,Frying (food)
APFTR5YK-X8,Frying (food)
2DF8mtDke8k,Frying (food)
ARGOH26GlSA,Frying (food)
5MfA-Ty5Bug,Frying (food)
9woSSMs77wg,Frying (food)
42-izEP4vjM,Frying (food)
7BrW2OIEGE4,Frying (food)
0oUbMWJgokM,Frying (food)
24MAv47JAmM,Frying (food)
8-wMKTMviuw,Frying (food)
-oV1cM-I3gY,Frying (food)
9ui9IiwF6w8,Frying (food)
6DMX8gljdqU,Frying (food)
94P0VLAgTb4,Frying (food)
9_HGCP0zg-4,Frying (food)
5J603SAj7QM,Frying (food)
A90wPQ80DVM,Frying (food)
0wQpnBSQ4fY,Frying (food)
8EQHKEd5mm4,Frying (food)
1pwPeNfpA6g,Frying (food)
A_0MlszhCDE,Frying (food)
9iGjureW7uE,Frying (food)
-ZsmEFtaXQM,Frying (food)
3Y-sGqzbkz8,Frying (food)
0lEavQUSRO4,Frying (food)
0Z4LBWXXRTY,Frying (food)
-RIXNh-i88E,Frying (food)
Abj_Mr9vSF4,Frying (food)
2gSMufsNQKA,Frying (food)
9V_qFBGs5yY,Frying (food)
4nHPpC6oGn4,Frying (food)
0xciMnHCZL0,Frying (food)
9vugWX2roX4,Frying (food)
4fz0-Kx2oNs,Frying (food)
2BNVQn48D04,Frying (food)
7g8QoqkTQfw,Frying (food)
6nJ9zXqHerc,Frying (food)
2nriu-82vFw,Frying (food)
0rmCYTGycKw,Frying (food)
1X3ab9ycVL0,Frying (food)
6YuCa3NAINw,Frying (food)
0rtCu7TKQKE,Frying (food)
AB5T60I9HJw,Frying (food)
1HGzcj92CEE,Frying (food)
0WxL3UhsteQ,Frying (food)
AIs4gx9RVTs,Frying (food)
9xTGSB1Gu5k,Frying (food)
6CCjRlDMsnY,Frying (food)
1l61QW96UFw,Frying (food)
3eNWJ4Hle6Y,Frying (food)
37MHj4LvLRU,Frying (food)
51luPlswXEU,Frying (food)
5K3CYm2u2zA,Frying (food)
8-ZLMffhptY,Frying (food)
4yx7AdsRAOs,Frying (food)
2VjQiwyoO1s,Frying (food)
33oINH8AtNI,Frying (food)
09x-xol9UY0,Frying (food)
9puiKadufhc,Frying (food)
63aTkG1grKA,Frying (food)
56DAM74mj4o,Frying (food)
6_fpAeZMy5c,Frying (food)
1GOF_EEeO-0,Frying (food)
1pEaiUYTh6s,Frying (food)
30JTvMLCV0c,Frying (food)
A1vqIG8hUrA,Frying (food)
7tvuZhtcHpY,Frying (food)
1ERSh8l5-sM,Frying (food)
1JXbj4RLpew,Frying (food)
6DXtiywoWyQ,Frying (food)
2UxOuJUUNYI,Frying (food)
8sfcMZ8A3OQ,Frying (food)
4Yo_DkHXXjI,Frying (food)
A9Y7eG48-ho,Frying (food)
1BScYBNc6MA,Frying (food)
52Ty3VEN_WE,Frying (food)
2itn7f5uqII,Frying (food)
AGUsqrscCRc,Frying (food)
4dcmUaJWEBA,Frying (food)
9TveYVzTCgo,Frying (food)
2Ar8YM5zfbs,Frying (food)
2EEC4MkIOiI,Frying (food)
4cV4T8ACLh8,Frying (food)
AL0JokIbyNQ,Frying (food)
9pJxCW3gGFE,Frying (food)
1U4D63urKlo,Frying (food)
2rk3CP0wyTE,Frying (food)
9hLropYJdYo,Frying (food)
AKYcJugndAU,Frying (food)
3vbNr_cSPCs,Frying (food)
0hE-lduyMng,Frying (food)
9JbcP3y9hYU,Frying (food)
4Io5AxwAZLg,Frying (food)
4dYGxoFrg_U,Frying (food)
8Xdq4cSpwl4,Frying (food)
68ijV_btmC0,Frying (food)
5XSZ28t3Er4,Frying (food)
9YO1aiPy2A4,Frying (food)
95Uf4OrIyJ4,Frying (food)
-g-eZBsr_3s,Frying (food)
51O5P0FfM4s,Frying (food)
3KnOOVt148o,Frying (food)
5ZQCdVfdGig,Frying (food)
8wsrGjVfzQI,Frying (food)
6j4AVcAdhEg,Frying (food)
5hUK9ubSMZU,Frying (food)
ANuRQif18hg,Frying (food)
AI5Ws7ORZ4Y,Frying (food)
2UZmUuUPqr8,Frying (food)
3AZw1zRDdcE,Frying (food)
9bQxINhcasI,Frying (food)
0cxjMNEbkOo,Frying (food)
7pL3UHjTnYw,Frying (food)
6cCRuEzXIl8,Frying (food)
ADNd5Aj8GOU,Frying (food)
923C2xEL-bY,Frying (food)
6u27Poa4sFg,Frying (food)
6tCRm2ZbFWI,Frying (food)
ABBJDDsYT68,Frying (food)
1NYJAJXYyNY,Frying (food)
21Lcs4vTfL8,Frying (food)
97oxHi3qxs8,Frying (food)
0ma2BvnQn2o,Frying (food)
A3gTZHDTCOY,Frying (food)
0PvDZ5t_Ajk,Frying (food)
04jA_kRetJY,Frying (food)
18ga5cnUrmk,Frying (food)
5OZjjLujmW4,Frying (food)
0H886ArR4l4,Frying (food)
9kMTqmnH0h8,Frying (food)
4nv-GOe3h54,Frying (food)
1CPfFe_5hyQ,Frying (food)
9tKPGdK3U08,Frying (food)
2ICT6R4XpG8,Frying (food)
3oMfiHn8glc,Frying (food)
8s70b3xf7LY,Frying (food)
-Tdc3q7JRto,Truck
-QFn83KrEFM,Truck
-HWpZgDLGr8,Truck
-VztaAFOxJk,Truck
-K1JViXX9B4,Truck
-EtIYMs01ZM,Truck
-ICTHK8dxiM,Truck
-P8t-8K7Nog,Truck
-XuYrreB4yo,Truck
-4XAxg0q2tU,Truck
-9miNA96XpI,Truck
-Mo58xHTBBM,Truck
-3gSkrDKNSA,Truck
-E_wxtWDQZ4,Truck
-JJrKDsw16U,Truck
-FMfpk6r3c4,Truck
-U81YEKgw04,Truck
-D4aoPlD81Y,Truck
-clJ2RMp3-0,Truck
-1Q21cZhHDE,Truck
-eG-t98SF38,Truck
-L_2n-o_74Y,Truck
-fDaqzmmgDU,Truck
-aHvje1_01M,Truck
-1s0DWApvT8,Truck
-Arp8czTjqo,Truck
-7naGvL3yig,Truck
--gKfbzT1VY,Truck
-0Hf2I8AFI8,Truck
-74wyz6FYhg,Truck
-QYgW-Ex6SU,Truck
-2NBZUCcvm0,Truck
-_IdSEcDj3I,Truck
-Q2IoqAyH4A,Truck
-8OITuFZha8,Truck
-cqIEy6nTOc,Truck
-d7973HHglI,Truck
-6XGcz56P9s,Truck
-7JyNNTdmiQ,Truck
-EnGyk2Yv1o,Truck
-Tp3z6RO2aw,Truck
-UBagB1UxV8,Truck
-4LGMEr9FtY,Truck
-FUt3V6--Og,Truck
-Jsu4dbuO4A,Truck
-EDKLrdJ0CM,Truck
-57EP-Yyt4s,Truck
-hKF_JXNseU,Truck
-DFmWLDkxQg,Truck
-NsqshmWlr0,Truck
-1B3CzpiW1M,Truck
-4_8Y4WOu7E,Truck
-XXyUQG-SRg,Truck
-Z0qBdSV1PY,Truck
-8-kuOPyPmA,Truck
-fkwU-Cxrl8,Truck
-aWgj3vUL7k,Truck
-39q4y0tt-g,Truck
-Kdd55ITPOg,Truck
-BCOY2XYUas,Truck
-M7a-eMvZhQ,Truck
-HyiQrHcAzk,Truck
-6xajA2OIg0,Truck
-Ei2LE71Dfg,Truck
-8WLbhKHmzE,Truck
-ak5JZyvZG0,Truck
-QWNPmXqLF4,Truck
-Lp-7hQvXcA,Truck
-_RcXZZzcUQ,Truck
-0MrEZKJ5MQ,Truck
-A6kW0_ycWw,Truck
-Mkz2Oc_56I,Truck
-IGtwN_J4r8,Truck
-gFcdjx9eRI,Truck
--ivFZu-hlc,Truck
-FWkB2IDMhc,Truck
-574Zi5ta6g,Truck
-5UvXobuBos,Truck
-QU_xNhKNfU,Truck
-Q1vDwPlBoU,Truck
-AL1aTUPgiQ,Truck
-SDCJ8DJoHY,Truck
-M9LxnABB1c,Truck
-MOtgCsHoEc,Truck
-gcMj5AQ2ys,Truck
-fG650UdJ3U,Truck
-3oUmjZ4b9o,Truck
-UVjilsIFg0,Truck
-Mn3laA2KZc,Truck
-bVSfBL3FIs,Truck
-8TniOLKP5w,Truck
-X8yxPW6YeE,Truck
-I1YtbHRWFM,Truck
-coawlxgw6o,Truck
-Eji8SnlVrY,Truck
-MTVKXvFpbU,Truck
-3PplV0ErOk,Truck
-JnkWPwjlS4,Truck
-L85N9dFq48,Truck
-8IP6mErHSM,Truck
-G7qHyhEZEY,Truck
-cuoF4rgpvU,Truck
-0B_CYyG5Dg,Truck
-9qnN5kQGdM,Truck
-4InX9dodOk,Truck
-agN-b6AHBY,Truck
-TihdrGxWFA,Truck
-26ansJluVo,Truck
-NwsmZFsbUQ,Truck
-35_gJSKJkk,Truck
-AuBtRrC1pk,Truck
-4wFZN7XLF4,Truck
PORZmak0JQY,Shofar
-9LmMF6IHmY,Shofar
rA7o3bNVh_Y,Shofar
x6f0yu_JzsE,Shofar
_tGdoqj0Qh8,Shofar
iQLenBcK45s,Shofar
Q6DKKTDCi1U,Shofar
pOL_cNsoR9I,Shofar
eYYMdLk4IcY,Shofar
lVytIMrX0UA,Shofar
TVUQoCs9fQk,Shofar
dAcYOigmG88,Shofar
wibPUdEs6K8,Shofar
TEy5H1Pe7ck,Shofar
pZHiz-meYow,Shofar
7qbbqP9mTIE,Shofar
Xoz7A7C6-a8,Shofar
RxLNDhT6uhU,Shofar
j3vGopca9XU,Shofar
QdHGmqMLi5Q,Shofar
-NZJ_e-JSdU,Shofar
eWrGKYS0TUY,Shofar
NmeAGwdsj6I,Shofar
BgmQCN0MQD4,Shofar
wzQbibs2Ea0,Shofar
Cf0XM1z11rw,Shofar
6dT50gS1luc,Shofar
XKQH1j7iVtA,Shofar
RF3nBIOPpyc,Shofar
PIH02iPJsG8,Shofar
jWapp2yk1B8,Shofar
yuFxx4JRdNg,Shofar
eUPu03vkeXY,Shofar
SV-TQEyCOK8,Shofar
Ld2gLtzGRL0,Shofar
lAA0QneMahs,Shofar
B-3JyKgt7pw,Shofar
LXroS71nkNk,Shofar
GZIr3RUF9MA,Shofar
NF3M5beSlyM,Shofar
BLnaG5Fho44,Shofar
lrUgYw22VOU,Shofar
JLUTx6TrNGQ,Shofar
csntczRbWvw,Shofar
QLi36r_bk_Y,Shofar
KubosyRbGWo,Shofar
fR1xYEILoPw,Shofar
gKWFm80IP0Q,Shofar
CW4rsibJdlM,Shofar
E8xP0lo8cx8,Shofar
FW5gyqVpedw,Shofar
NXQGt6CC1tc,Shofar
Eqn4IlzpfHs,Shofar
oOJ_jc61nD4,Shofar
AFqWyhb5Guo,Shofar
5VxyvkdEpL4,Shofar
Ky_bMgJt9cU,Shofar
h7yqAYAY8uw,Shofar
qbtinSIsPfU,Shofar
v_-tKhdgF4s,Shofar
I6m2D0_K9tE,Shofar
0HlcDqvawyM,Shofar
DLaS3WZdRNw,Shofar
fslKQERbUO0,Shofar
S_n8p_XGq0E,Shofar
3bYYlSPyPnU,Shofar
2PfBt_cK07o,Shofar
j937stPy0sM,Shofar
3NHJUkdHwtA,Shofar
bVhz9R6Mgrc,Shofar
Qfw8LylVSfc,Shofar
YaqwKoHzVq8,Shofar
sfyd3WX2OjE,Shofar
rKGizeiNwi0,Shofar
HucIQq6Aky0,Shofar
eIARd5TSWBQ,Shofar
BoU_tWjVDn8,Shofar
6iefuGEvlHI,Shofar
rjsuq0kQqGQ,Shofar
weKt0KjakLI,Shofar
WE5ZhKSq90Q,Shofar
BgnSvbrhrKE,Shofar
0IQxynJmVcg,Motorcycle
0RGDINDHaQ8,Motorcycle
0ItlRaeE8fE,Motorcycle
-wblF8Yd3pQ,Motorcycle
-UmdTmFZMno,Motorcycle
-KdcpwL9psc,Motorcycle
-sdNwlxs4qA,Motorcycle
0CrFJ3YqIbk,Motorcycle
-nJpLdP1soU,Motorcycle
1C0bH19uXh0,Motorcycle
03y3RgMybY8,Motorcycle
-DfS3pZTBcQ,Motorcycle
0SK5s3_T3lU,Motorcycle
-wfzJ1-A5Lc,Motorcycle
-rt4hmZE2NA,Motorcycle
-kUFdYpIHPU,Motorcycle
-KmDAgYb0Uo,Motorcycle
-NDKWUJ16B4,Motorcycle
09hujnIv05Q,Motorcycle
-BtHxM5Uvig,Motorcycle
-H_3oEkKe0M,Motorcycle
0C6uNNxfcw8,Motorcycle
14wPUIldY6M,Motorcycle
-zKu4zUxnbk,Motorcycle
0F0lo2ICjVg,Motorcycle
-rCGeA7H8ig,Motorcycle
17N8TLC_-9E,Motorcycle
0jpK9KoFleI,Motorcycle
1EUE2fs-hZA,Motorcycle
03t97hiWnLc,Motorcycle
0X9wj5DvYnA,Motorcycle
-aMB5YLAxZo,Motorcycle
-o7Wy0ePIv4,Motorcycle
0-ELXD9GQXA,Motorcycle
-yks9hncucc,Motorcycle
0FoM1PBP5wE,Motorcycle
0813ZAMKBio,Motorcycle
-ztsjdrEqVQ,Motorcycle
1AWhzgxoytU,Motorcycle
-WOcO4B-Jis,Motorcycle
0dNXQt5BtEw,Motorcycle
15UO-340RDg,Motorcycle
03_6oCyepKU,Motorcycle
06WgbDqqXPM,Motorcycle
0gkgoNTBLdE,Motorcycle
0jOAvZuo1SE,Motorcycle
0A5lcp2WFzI,Motorcycle
13XPDhrHoo0,Motorcycle
0l6r9b3V-So,Motorcycle
04VG5xPYxFw,Motorcycle
0VjkHdAS4mI,Motorcycle
1-4xqkRfFFc,Motorcycle
18-XenSGxAU,Motorcycle
-3-t7Sm6un0,Motorcycle
-yCQG9pXf_U,Motorcycle
0rSETXszQM0,Motorcycle
-B3Y_9682M8,Motorcycle
14cnVvpzOxQ,Motorcycle
0jiVxRwk-60,Motorcycle
-WwAxd-BBrs,Motorcycle
-jnOQkG1gMs,Motorcycle
0ebMCZhF0oQ,Motorcycle
0XKaQKywFDA,Motorcycle
0V0MxUBtx9g,Motorcycle
-pdljKJHPgg,Motorcycle
0XpRRYZZs5o,Motorcycle
1-v2SFonosc,Motorcycle
-4D3Gkyisyc,Motorcycle
1BwO2S8XiOk,Motorcycle
-ZV0E0GucqQ,Motorcycle
-S-5z2vYtxw,Motorcycle
09NvcvNBR-w,Motorcycle
013ek35qYGg,Motorcycle
0p68pGdkUnE,Motorcycle
0GO42Oh_vmA,Motorcycle
0SoVB6iEHTU,Motorcycle
0dpHl5euqHU,Motorcycle
-YD4QvOyC9k,Motorcycle
-Iry0eQq4DQ,Motorcycle
0NQhj_mvLss,Motorcycle
1RQDHn5YiK8,Motorcycle
-DSwrKDGI7c,Acoustic guitar
-4oPjbOiSjI,Acoustic guitar
-AczMkg9mCg,Acoustic guitar
-9_fvHnpkmo,Acoustic guitar
-0oPui2fiaE,Acoustic guitar
-CMUF8xpFig,Acoustic guitar
-2BP7NAkFLk,Acoustic guitar
-8soqvqMMhY,Acoustic guitar
-2je75-0KNA,Acoustic guitar
-9Y076KDt2w,Acoustic guitar
-0WZoijgWto,Acoustic guitar
-4WioONkd78,Acoustic guitar
-CHSusoQX3g,Acoustic guitar
-0pPRv4nAWM,Acoustic guitar
-2RgOtEurSs,Acoustic guitar
-DgW3I5yBBE,Acoustic guitar
-Eyx2KSY5As,Acoustic guitar
-2q6kuuOdB0,Acoustic guitar
-ECajBUMQQ0,Acoustic guitar
-0P3vxYiblU,Acoustic guitar
-3TyrrbgEgQ,Acoustic guitar
-CLJmM1PKY4,Acoustic guitar
-7rhcT3NNtY,Acoustic guitar
--d2Z5qR4qQ,Acoustic guitar
-D0zH6poZbY,Acoustic guitar
-DcdNHF8c6A,Acoustic guitar
-6hh1UaSy9A,Acoustic guitar
--JxAySnD3Y,Acoustic guitar
-1bPo4d-3Z0,Acoustic guitar
-E2MNnK1ixs,Acoustic guitar
-G-3350TIrM,Acoustic guitar
-BYCPHzC_z4,Acoustic guitar
-EzgXKfh5Go,Acoustic guitar
-5xBW8BNKnE,Acoustic guitar
-BTqPaSanW4,Acoustic guitar
-6Q22zyI0h8,Acoustic guitar
-3MPnB4orhk,Acoustic guitar
-7xhPQmYYTk,Acoustic guitar
-Aa_Rm8ZljI,Acoustic guitar
-3TA9Fns4rA,Acoustic guitar
--bSurT-1Ak,Acoustic guitar
-9LSf3fUoYM,Acoustic guitar
-C41GoDauRQ,Acoustic guitar
-7z_g2ckXRo,Acoustic guitar
-ClhZuMx8EQ,Acoustic guitar
-9Scslp_ROM,Acoustic guitar
-8Y4qrcnKv8,Acoustic guitar
-2TjevpJuAs,Acoustic guitar
-12PNUDVUjA,Acoustic guitar
-C96gWRdNVM,Acoustic guitar
-09uCtwZOF0,Acoustic guitar
-BmlgYVs6A0,Acoustic guitar
-4uh-n7z1XU,Acoustic guitar
-5Ha9jY_hT4,Acoustic guitar
-4lR3P0luWI,Acoustic guitar
-1k1cir4qIc,Acoustic guitar
-GWm7pRV15U,Acoustic guitar
-0IpBrwQDUA,Acoustic guitar
-88uaKN9R3k,Acoustic guitar
-D8gYcJNp3E,Acoustic guitar
--GvhCexa_E,Acoustic guitar
-9GRE84DX2M,Acoustic guitar
-DzuaA0g024,Acoustic guitar
-3yRmj2NwTU,Acoustic guitar
-64KicbcQt4,Acoustic guitar
-BpgDEXKdx4,Acoustic guitar
-D7MLPP0GQQ,Acoustic guitar
-9Js3lP4vqs,Acoustic guitar
-EUup6JmUwA,Acoustic guitar
-FWb_Uy72CU,Acoustic guitar
-7OYJe6ioao,Acoustic guitar
-5zWq2etKA8,Acoustic guitar
-5j92zqG-Mw,Acoustic guitar
-1Gj9qjFRVk,Acoustic guitar
-6tJgFlNo-c,Acoustic guitar
-4WYfLAz3zE,Acoustic guitar
-46ku5CZAS8,Acoustic guitar
-88FrdcLdkw,Acoustic guitar
-7pvEiaWAcY,Acoustic guitar
-8HqbAVQl24,Acoustic guitar
-8lqS7ieWmc,Acoustic guitar
-B2xyW8KkpM,Acoustic guitar
-ENQiyOIcrc,Acoustic guitar
-AFx6goDrOw,Acoustic guitar
--qsECcA_3U,Acoustic guitar
-A9iGSBs438,Acoustic guitar
-ADzqyqPeas,Acoustic guitar
-9hqBiuwp2Y,Acoustic guitar
-FwRTkNgVic,Acoustic guitar
-9V3xlyCkLs,Acoustic guitar
-FgAkfgRrOE,Acoustic guitar
-2HeDmvtT5M,Acoustic guitar
-E0djSiyFNI,Acoustic guitar
-5jWW0IxRjo,Acoustic guitar
-5rVfNxVJSY,Acoustic guitar
-1rxHcRCiDo,Acoustic guitar
-4fL8AMnGQ4,Acoustic guitar
-51SjconobU,Acoustic guitar
-AWrX2EIY4g,Acoustic guitar
-GS-cR8XUMI,Acoustic guitar
-GlmbrP1Pn0,Acoustic guitar
-EYEYe-31wQ,Acoustic guitar
-Fduahpgt8I,Acoustic guitar
-8E4IvhlJ3I,Acoustic guitar
-37uZp3L3vw,Acoustic guitar
-DPoX0GdToU,Acoustic guitar
--5zANFBYzQ,Acoustic guitar
-GaIulg3Q8M,Acoustic guitar
--zF7ruOot0,Acoustic guitar
-E1zyCQE3es,Acoustic guitar
--R7bBR7hE4,Acoustic guitar
-03879e6MhU,Acoustic guitar
-5ryAgjJabg,Acoustic guitar
-1WgjQJ8ZqQ,Acoustic guitar
-EXJqzF-Bf0,Acoustic guitar
-53uqygEU84,Acoustic guitar
-6WEyprpIdQ,Acoustic guitar
-A7_Doj8A9g,Acoustic guitar
-7qHG9aDE4I,Acoustic guitar
-FB3AuvAXQg,Acoustic guitar
-6Z_lltrZ0w,Acoustic guitar
-1z0upPQSRU,Acoustic guitar
-33y0hmJOBk,Acoustic guitar
-CoEDbrRDTM,Acoustic guitar
-9v4yxKbqs4,Acoustic guitar
-CsvPPK20ps,Acoustic guitar
-11GfJ6UFV8,Acoustic guitar
-9QKXS0LaDc,Acoustic guitar
-AaLDAoJO14,Acoustic guitar
-6hckVgS_vM,Acoustic guitar
-8opyoruJSE,Acoustic guitar
-1XBP-nZ1bQ,Acoustic guitar
-5CRYUnzAcQ,Acoustic guitar
-8JBa54NFpU,Acoustic guitar
-41ertr_i3M,Acoustic guitar
-BFcExBQfAk,Acoustic guitar
-6YsD3SetJc,Acoustic guitar
-5ZfWTfqVVo,Acoustic guitar
--FJhcfXeow,Acoustic guitar
-8-Hy0FO_go,Acoustic guitar
-F5wSJwBZjU,Acoustic guitar
-2c0AbqlqT8,Acoustic guitar
-C-nDsEzd74,Acoustic guitar
-0h43imMMzg,Acoustic guitar
-CwVjwh63FU,Acoustic guitar
-GOdzI5nPfA,Acoustic guitar
-6-fcqZjrmY,Acoustic guitar
-COeFt-jaMU,Acoustic guitar
-6KRo2ZcQMY,Acoustic guitar
-0Ghd8lbOmI,Acoustic guitar
2o93RmaqiLw,Train horn
7li4oPDlkvo,Train horn
1wWU0iUAm0U,Train horn
1NDvh04pBGU,Train horn
4tCcsoXT4mc,Train horn
2wG6EBWr5NQ,Train horn
7cEGk6FNpf0,Train horn
1mHYEQPpwls,Train horn
28lpUDQbsAU,Train horn
0EVyUEVloBc,Train horn
511xID91gOM,Train horn
7Ii3h-ogMEE,Train horn
6HNNRcOwdNc,Train horn
5kqVXgLVzhk,Train horn
5I8SBO3Usws,Train horn
2hcY8kXQj60,Train horn
6S6YUyHN56Y,Train horn
0bQnpp4aB_Q,Train horn
0rhSFPtqAhI,Train horn
1wXZatca5OU,Train horn
-xqoOAYnNEo,Train horn
0AR5GulKZKo,Train horn
27HIamF8pKo,Train horn
18wd5CmRyFU,Train horn
7YHdWiSOChc,Train horn
5Ny7dTGshOk,Train horn
-5jTPNu2Unc,Train horn
2BMHsKLcb7E,Train horn
3JR1kD2HQ_s,Train horn
3n4G4MbYRFE,Train horn
6lo3w_bSHwY,Train horn
4YNcm3tknVw,Train horn
7gCJvUklOco,Train horn
4ZHPpXmdG0g,Train horn
4-nx7nOna50,Train horn
1JfnWSwbxCw,Train horn
6FQKuPSCNzo,Train horn
3ndid3jni7M,Train horn
5oLozmidBnY,Train horn
2QXhTsNhzIQ,Train horn
-1oRfe0FQI8,Train horn
0smuyAnjIJI,Train horn
-u9BxBNcrw4,Train horn
0ACYrfUrcJU,Train horn
6CRbv7wRxMU,Train horn
6D8-2JQ6G0c,Train horn
0B8Wt5PiL1k,Train horn
2iwPgYGH_Ew,Train horn
-OanzatsuDY,Train horn
0NXdGlo-Mwo,Train horn
-U1ebnHfHEU,Train horn
0095-_8T5ZY,Train horn
13guh6z6X6g,Train horn
28AvGZWnCg8,Train horn
7QsxGFPOZrQ,Train horn
3rZKZ2bDiHQ,Train horn
7-NlcX-d0w4,Train horn
6XUF56FlKvg,Train horn
5yOga-6uyD8,Train horn
0kh5HKETL0A,Train horn
0QKj8bSma1g,Train horn
3k_4mlinK9w,Train horn
6hACE_1iS1I,Train horn
3Sml1wHcuxo,Train horn
1NIO0HSFUIo,Train horn
6xNjvLpKhrw,Train horn
2yRlRl8prmo,Train horn
1PaQmRw_VIs,Train horn
-n2qmn-4i3E,Train horn
3W-kCKzE4Lc,Train horn
4QHVLFkpiAI,Train horn
3UNrlWS46wI,Train horn
7XL--db_qQ4,Train horn
4zCGF-4R-Ws,Train horn
1WzI9RX3CnE,Train horn
5XYm_gWJmkk,Train horn
-qu6yqh6F_k,Train horn
-EovwXDEidU,Train horn
-RFRH50Qobg,Train horn
1UtX_r3nZp0,Train horn
2HNc9hg37Zs,Train horn
2tA9BBVzx5k,Train horn
6vsTXT8XJP4,Train horn
2vXwxPcjmdc,Train horn
2ceUOv8A3FE,Train horn
6RptdyF2Nu8,Train horn
3_pAoiTNFys,Train horn
-A3K0_gtK4c,Train horn
4z_y47YsieE,Train horn
6A9IBFSVYwY,Train horn
3fmEdb87BcU,Train horn
5R7ChPxlWjM,Train horn
5ttWKdrpWHU,Train horn
2WTDsKqQbZc,Train horn
3TB0dB1r59M,Train horn
7XsWZg3eUs8,Train horn
0PJ6PRTzoWs,Train horn
1iUXERALOOs,Train horn
7KdSGBzXvz8,Train horn
-JaQwrOeCYs,Train horn
6hRncnuF1NY,Train horn
4QYxw4ca0go,Train horn
1ceprZO-VEU,Train horn
6ZB-UngiUMM,Train horn
0ktrXv5sR4s,Train horn
5sDXHnJBVms,Train horn
53oq_Otm_XI,Train horn
4tlvzARr7lQ,Train horn
---1_cCGK4M,Train horn
255C0OODvTA,Train horn
4y7SGVV--Ds,Train horn
5XquGZ5QZms,Train horn
2QsWNp64ERU,Train horn
5OYAI-pXAMo,Train horn
7JWHbs3gu1w,Train horn
-Oo5KT8cycI,Train horn
-QvVYdS1X1M,Train horn
2wadsgHvSAM,Train horn
3GP_mBH2D5U,Train horn
2ofpux29XGM,Train horn
2P5SAsilxeM,Train horn
-hAjyh3rqqc,Train horn
28dSHMdwY_I,Train horn
0yETgW44MZU,Train horn
1tQys1GnFwU,Train horn
-FBT_lY07L0,Train horn
2E3r-Dfb1NE,Train horn
296yTJSr6uI,Train horn
51DAVKSdj4Y,Train horn
7X3i7llSK9U,Train horn
2bSkMSmVolk,Train horn
2MzX4ArMlBg,Train horn
-z6NOS2bnCk,Train horn
-eVdi8PdMh4,Train horn
5seNyvFJ_X4,Train horn
2rYqQH_iBm8,Train horn
1TBD_xpFAHQ,Train horn
3qnpOqvnKTo,Train horn
0nPbMeub5HU,Train horn
4NfpeAUeVUY,Train horn
7QEqRkxpwfU,Train horn
7rBsX5BNkEs,Train horn
9lIuZfpWZ1A,Clock
-JL78b6hi3A,Clock
HEqn0tgCtDM,Clock
G2yfNNDR8tA,Clock
-6pLGGF7dEI,Clock
QSgqjJ2iglM,Clock
RZ-25-R2yOc,Clock
7PYQAzEiNc8,Clock
OPoQ8rYEQAQ,Clock
GL3JL2S3JBk,Clock
TIeB9Ys55KM,Clock
2ZgGPpzjD-Y,Clock
HYRRG2fbiDE,Clock
15t7uWnpXUI,Clock
KzLIV1RR1Ig,Clock
G42WbjmRLn0,Clock
5oW8arAFDOg,Clock
OaMdMAq68hY,Clock
EZDqMetpnI0,Clock
-ZsFEZ92YzI,Clock
Cj0z4MmWYdw,Clock
Nbq_CyxC3XU,Clock
QalR0dtk9Xs,Clock
T2racTSEOUc,Clock
5BdcUvdab3k,Clock
2kjkEcDDr4I,Clock
8wbYSIqgduc,Clock
H4QhOHejyzE,Clock
EDsWcIijZCw,Clock
H2rIs4Nz8Lg,Clock
2Qk5L8KoM90,Clock
KnZrJKI6yus,Clock
9B7U1OSNU0o,Clock
5-c8YiltWcw,Clock
G-Rkt13H-kk,Clock
4oTkYH0wLq4,Clock
6Qx-Ps4Qroo,Clock
SK9DGzNEKb0,Clock
JFJ24afZ_Fs,Clock
-h9REoRVzYY,Clock
-C6QgrNGGMo,Clock
71A-eTp_bc0,Clock
TBwH_C_q0KI,Clock
7X92vZiKi7o,Clock
C2fLuBUVj-g,Clock
Ef0ozkh5t-Y,Clock
71z8yKE0Imk,Clock
AyemIt_rQ5g,Clock
THcQKnqD3_Y,Clock
U4nhmciONvk,Clock
SOMymsNBxHs,Clock
HgaACU-IS1c,Clock
2ZeDIC4POcQ,Clock
S3bE2b9p5Mg,Clock
3VoGCV4JJCk,Clock
M09IRnW6mDY,Clock
-5kRgp_lxpk,Clock
SbZpkhIbP84,Clock
G23Me3A60b8,Clock
J4MfYfhPTh4,Clock
1F91ttmVR-E,Clock
5BZW0xGIFDE,Clock
9Xuqt4YyyhU,Clock
OL63NVm1v7A,Clock
K87g-ye5CBE,Clock
KsfLJ3YHhHo,Clock
RlkVC38UKPw,Clock
Qw2wxu0URHM,Clock
5VuYBSLbyr8,Clock
0j1-0Y6lGck,Clock
EzPcuNoSHMM,Clock
Bk9tGQ4jvhU,Clock
DDJ2B4vpC2k,Clock
BCkJt4wi-cE,Clock
AZmQOcwsdQE,Clock
5f6RijX5c8E,Clock
-6n82E5zyuY,Clock
NSz_1Xj_Skc,Clock
1xat7fl_LSo,Clock
Lji7Mm1aCgI,Clock
54XNhwZdXEc,Clock
M6otcd7ea2U,Clock
AAwMzLmNPcg,Clock
-guAT8rQA4o,Clock
KIkz8eNtdqo,Clock
FzTaWlxFJMI,Clock
9nQalgeHLXY,Clock
ASm7147jW48,Clock
83dRnWywde8,Clock
KjRwAdR7dno,Clock
CJCwr2gl2CM,Clock
8T66UE27d6k,Clock
D2GrGAQchBY,Clock
G0gRRosFHSA,Clock
ITaIdQQz8UQ,Clock
AIDhyqwbUNU,Clock
KZUIx94Gsps,Clock
0brq4I0WAls,Clock
ORo5aQ7_42o,Clock
MZUxosbbAjQ,Clock
4dzzfgvKuqU,Clock
RTe-0YG5QS8,Clock
S9VYYZg0t-E,Clock
9IItZmu_HbQ,Clock
1EI58xGWnWg,Clock
5vlP7iCnWt4,Clock
8T0HsvI09Ns,Clock
JRVGGFlLZ8Y,Clock
MmnhEdf9tZU,Clock
26y1JLJWZyI,Clock
6dJ5UfaJ-fE,Clock
MNva8cCYixc,Clock
Goo5YHuZyRU,Clock
R9X92tiwMOc,Clock
Ru7m8PyMlVM,Clock
0H533OGPZ2o,Clock
2fr9dpxS1o0,Clock
6YiNpnGqviM,Clock
DqxBpDRABqI,Clock
N7FoTTBAVkM,Clock
A0N38yb3QCk,Clock
4sIaZJJ0QMY,Clock
17Q-GgtKWqs,Clock
Fs2OcY5pKDQ,Clock
MeDBPr3YYlY,Clock
D3KJJRRUvNs,Clock
D7RhslPmr9M,Clock
1UUhMZAgU_c,Clock
5xOWesepO7U,Banjo
4m4aH1ZE9gI,Banjo
-1P74acOb3c,Banjo
6qUpG7Zapj8,Banjo
67Ika3reFWg,Banjo
3qWfr7guPDs,Banjo
-Xr7HusAEvY,Banjo
1eSCkm6XHHc,Banjo
6JoGfDBPXTk,Banjo
5zLQNFQ2cFI,Banjo
4BazFix9xzg,Banjo
-LQuCzisPK0,Banjo
4Iq0UsC_cqY,Banjo
-2-sma5HfXo,Banjo
4z01EVU2FXo,Banjo
4ESpG1obQgs,Banjo
2JkATIeI0Ow,Banjo
3HCjfsCbhSg,Banjo
3HCtXBpR_zo,Banjo
5iFpQ5mtMug,Banjo
3LSrPiD23fI,Banjo
5-_A-vF9N58,Banjo
05EetL8zJUs,Banjo
1UTaPnm3tTA,Banjo
-E0djSiyFNI,Banjo
4wqmxClvupU,Banjo
0XmfK5P_3RU,Banjo
1I39Wl3JGAw,Banjo
2b7zZRDMLJc,Banjo
-3xhrOw45ss,Banjo
0eYgYrenUv8,Banjo
2Fkh-PUx2SA,Banjo
4TSUsNphq-U,Banjo
1JUSlR465lg,Banjo
-QCh8luHaBI,Banjo
4umEvJi2rRE,Banjo
0qMmJlVlupQ,Banjo
54by0PnKycA,Banjo
2wME2IbkbOY,Banjo
04DjKHZ3IOc,Banjo
-RmBbZuxWmg,Banjo
7DYqi_JU6gw,Banjo
1iXKgat2Ejc,Banjo
33Fcg1gc7WA,Banjo
4Y27QuXXBps,Banjo
1COTNE5iwpw,Banjo
43kp_izNnKU,Banjo
7DAFryqUedg,Banjo
-PljzzluWNw,Banjo
74k_Bq3hlNc,Banjo
13QhOWzVbPg,Banjo
6n_Mb2OO3vY,Banjo
6uSSkoqyMvk,Banjo
-nXyb1Fakjg,Banjo
39KgkK23Zmk,Banjo
0f_iTO5t3hU,Banjo
0Zk4rGgntXw,Banjo
0lXPYBYtBt0,Banjo
6kEEmWamSKU,Banjo
4zciMA4sFQY,Banjo
1ZQ9NZkgg0I,Banjo
4WUABQYm7ZU,Banjo
00_do2b96M8,Banjo
14ptT2dPCag,Banjo
470xac8EMEA,Banjo
1cmo1SGxJnc,Banjo
3XA5GpxtbAc,Banjo
53BIo9Alu2o,Banjo
-izECjXmjO4,Banjo
2W7k7nvGkdI,Banjo
5SzhhEJQlyk,Banjo
1ij4byJM8ts,Banjo
5MKd2koggOI,Banjo
6OSEf-W1gmc,Banjo
6Ld7FQHOuW0,Banjo
3q-xiLU-jaM,Banjo
5hxOprt5W2o,Banjo
6m5AkQNUrsU,Banjo
4S17Sgal57E,Banjo
0AdFpWOtHbg,Banjo
3tD9tWqs3vY,Banjo
4UbZjOQ5vkw,Banjo
1NNT9pvflZk,Banjo
31nHi_FplaU,Banjo
-T8cE60OKHQ,Banjo
-wGAzd51XRE,Banjo
5npF8GtaaNA,Banjo
0v0ibcCdanE,Banjo
-RD0aTeWg14,Banjo
-ty5tv-2kys,Banjo
2iTo49F8QcI,Banjo
3M_ohr7o5W0,Banjo
0sKuwJFDM0g,Banjo
-cOKtj7xFTc,Banjo
1DFNOFVNs5g,Banjo
1-z6ZJyeOHs,Banjo
-_9pg2ryrx4,Banjo
4ftnQdEaLO8,Banjo
2vvwj6Wd9js,Banjo
4Kq8Hdz4TBQ,Banjo
3u96MxfeTVU,Banjo
1lG2xWHQSVI,Banjo
6ehLWXOZIb0,Banjo
39V3dKUAjAs,Banjo
0AmnWi50igk,Banjo
0G2C2jrNbak,Banjo
3RN24S2HOWU,Banjo
2VnBVi_9ErU,Banjo
30jSVJwjNfo,Banjo
519276Ov9DM,Banjo
3QpveQBDgv0,Banjo
-cdWYt1nhWE,Banjo
-Vu8x7fsYRk,Banjo
-sesmTrzkJM,Banjo
-ECRgvDx4xc,Banjo
-nG-wpQjj6I,Banjo
3yoo27Wb02M,Banjo
5jKH6UTb7sw,Banjo
5ytB4iS5O9g,Banjo
1OTyRCUni98,Banjo
3K0ud-1Qk9c,Banjo
-RG9KMGaxpY,Banjo
3dbYLO6rYrI,Banjo
5Jt35egBuSk,Banjo
1jFTNynSEy8,Banjo
-W4EC8noDuw,Banjo
3MZTghUcOv0,Banjo
4KVKMrMs9eg,Banjo
6puZFsJvC64,Banjo
41zDfMgINbo,Banjo
1NsemVwhP84,Banjo
2RBhvoqWPeY,Banjo
44cfH6Doy80,Banjo
2ZeEIy0hilQ,Banjo
2JilwMOhWYY,Banjo
0rqnbyN989M,Banjo
64LH0YO_wrU,Banjo
0hbLwAJ5ChE,Banjo
-G7nkZHC0ws,Banjo
2KBEgimWb_M,Banjo
1bqxaEs7cs0,Banjo
09_uj4VbMCM,Banjo
3bbivQeLJUw,Banjo
3mkKBUp4PRI,Banjo
3_lvUQ4M_G8,Banjo
4CVPZN0FNGo,Banjo
0azbvZ3t2B8,Banjo
9ClNkSId6Ks,Goat
8b8jHMX4g0Y,Goat
0TLSd9HPbbs,Goat
1LSmPtw0dZE,Goat
0QePKnSWXkE,Goat
3bY13Xh7zig,Goat
3mVON9vvYsA,Goat
8sBKRU1iy0E,Goat
6WO8sfJA6uo,Goat
1viv36mGRC8,Goat
4gyvq34qU5M,Goat
8VavzRcNdIc,Goat
10f9CWXiKRY,Goat
-lBEpPVvddQ,Goat
66A7gHSBUd8,Goat
7AUBHLvR8lI,Goat
8l2dRKrTegM,Goat
-bTFWFcUjNA,Goat
4YHjIWfu8aM,Goat
0TOAK10lIXQ,Goat
2TpjbD-CWYY,Goat
1VKFZ5lT0mk,Goat
4xz6tfSelb0,Goat
7cq-i8Fuofw,Goat
2NIjl2fnxdg,Goat
1aJK75652Ns,Goat
6-Lw3bPnOXU,Goat
8jS7OYSvXfQ,Goat
0cYckigNbjQ,Goat
-rle7IE9xsA,Goat
0TOWcmuge8s,Goat
8SvugCZ9Vkk,Goat
6-avIf_pwUY,Goat
4nFl_JnYUH8,Goat
3kBlVLkN0zo,Goat
8ZcAYJtFjvk,Goat
6VH7PWyMRIY,Goat
--mMv-eQ2yQ,Goat
7rSNwPIs4N0,Goat
0bStICC7mUI,Goat
3UeZLkYD-zw,Goat
3x9WnpPeenw,Goat
43IIGFzL6_c,Goat
8pY4qosFRa0,Goat
2NAiGvy45LE,Goat
-5Vzl5XrIMc,Goat
2IeOocYiQyc,Goat
69Ll0798BzM,Goat
16v-_tPDAXI,Goat
6xWdHhGJoUM,Goat
4zMXeb3J0lQ,Goat
4AYySiliYAw,Goat
40jdvtFhRhY,Goat
8x3hZe2q2cE,Goat
86yYvosT7i4,Goat
8u3IVrtMy-A,Goat
2nigkxWmh-g,Goat
97FmqI0hQGA,Goat
-O2S-coiv90,Goat
8Zo_sopbYiI,Goat
-PCGe5-I9_Q,Goat
1760Zs-Rezw,Goat
0jmA8pubdV8,Goat
3PL62twAWwM,Goat
35fhONQ6R6s,Goat
0q8lKEbzVcI,Goat
8U5J5JR8vMQ,Goat
8oHYrSvfM2o,Goat
7hjhGQCkw4Q,Goat
2g7kFCWWjEw,Goat
6_aaPAoVO_0,Goat
3YkfTUmsh6g,Goat
3pb6aR0Y_-E,Goat
-HgUFusTA1w,Goat
2Z4SnQEpavM,Goat
2FPKZIAUNIs,Goat
7Fa0CGltW9I,Goat
6KrbNjkVfDQ,Goat
4_u7bY79q5c,Goat
6-xy21Wa_4w,Goat
78yrwc9y1ik,"Baby cry, infant cry"
3aTDYxyF6bc,"Baby cry, infant cry"
0QzC8ORgZlM,"Baby cry, infant cry"
2HIcBRftdHQ,"Baby cry, infant cry"
76FDHAAf6ag,"Baby cry, infant cry"
5Unut8KldHk,"Baby cry, infant cry"
2Cvw3f6g2c0,"Baby cry, infant cry"
2u9uWvVgULk,"Baby cry, infant cry"
33D-gg4ZYyc,"Baby cry, infant cry"
3v7q1xTR2LQ,"Baby cry, infant cry"
-gk3LALyrZg,"Baby cry, infant cry"
-bnjqdi3nDE,"Baby cry, infant cry"
6ACAK_V33bs,"Baby cry, infant cry"
2AxAYXhrLGg,"Baby cry, infant cry"
6dmyeQrGZJM,"Baby cry, infant cry"
-rP7QaqnA3k,"Baby cry, infant cry"
794CLziIitU,"Baby cry, infant cry"
-OIY3tRRGwg,"Baby cry, infant cry"
2o_oXiLOXpg,"Baby cry, infant cry"
59D_uUSLNQc,"Baby cry, infant cry"
2mmXoqiCOcM,"Baby cry, infant cry"
1-9KSslytrk,"Baby cry, infant cry"
1f9QJVrgs7Y,"Baby cry, infant cry"
6xu13pTAguU,"Baby cry, infant cry"
03Hgkn0DIA8,"Baby cry, infant cry"
5fKWiCTFZgk,"Baby cry, infant cry"
54TUIAhPjM0,"Baby cry, infant cry"
3AQFAFy1RCw,"Baby cry, infant cry"
3zM_vofZb8g,"Baby cry, infant cry"
4xrFWU6Ir58,"Baby cry, infant cry"
580fTacikqk,"Baby cry, infant cry"
4VkDJVQ0GfA,"Baby cry, infant cry"
404cD3bVXDc,"Baby cry, infant cry"
0E0o-8_58fw,"Baby cry, infant cry"
1vQZZPcRtx0,"Baby cry, infant cry"
2Rq2cR19NSs,"Baby cry, infant cry"
6T2jEKesKXY,"Baby cry, infant cry"
5R5Dqf2jDl8,"Baby cry, infant cry"
3n7sX00cTfc,"Baby cry, infant cry"
73phKdahss8,"Baby cry, infant cry"
1b2YZNhlqtg,"Baby cry, infant cry"
3qUbjqwGIx8,"Baby cry, infant cry"
0E54ik_vxRc,"Baby cry, infant cry"
5XAQtqdwHs4,"Baby cry, infant cry"
5K_c4LG7CEE,"Baby cry, infant cry"
1td9aN7Uyl8,"Baby cry, infant cry"
1icEOZdgkVY,"Baby cry, infant cry"
5OpofS7t6rc,"Baby cry, infant cry"
07m3-FOJQ-Q,"Baby cry, infant cry"
3ZqnmeJ_ubA,"Baby cry, infant cry"
-PNqdzaF-wI,"Baby cry, infant cry"
-32IrasDuMg,"Baby cry, infant cry"
3bJJj6UGOqs,"Baby cry, infant cry"
2YrdbClQARE,"Baby cry, infant cry"
6DTs2GTeo1c,"Baby cry, infant cry"
-d7tBjntkW8,"Baby cry, infant cry"
-cRjlU1MFnc,"Baby cry, infant cry"
6DLN8tVcGuE,"Baby cry, infant cry"
79POyHO-x-Q,"Baby cry, infant cry"
4P_mI7FywCo,"Baby cry, infant cry"
0844IZkzDRU,"Baby cry, infant cry"
600A47_b9i4,"Baby cry, infant cry"
31RoH8KSJMo,"Baby cry, infant cry"
5v7pr-IeVyA,"Baby cry, infant cry"
4vLJTOVpwuo,"Baby cry, infant cry"
3VUEqSpFZu0,"Baby cry, infant cry"
3oS1DK_35z4,"Baby cry, infant cry"
25P7qZO7D5E,Bus
1PKemz-clRI,Bus
2EuKVpWHuy0,Bus
-M6r14m8ctM,Bus
1S39w5HmIdU,Bus
0jS8QrZDNtY,Bus
2BZji3xXLY0,Bus
-Ga9sSkpngg,Bus
15w5MOkhlZI,Bus
0sbkEsiPq6g,Bus
1JFVQ5XHQUM,Bus
0zko3kG7Ayw,Bus
19fcAInBxQQ,Bus
03-DiPMGjO4,Bus
1jZuRipbx_0,Bus
1pH633JwD8M,Bus
0lDi5WzL3Wk,Bus
1hb8Y964l4E,Bus
1zhxj3rpBcU,Bus
1tNYuSweKpQ,Bus
20SQ6TwjChc,Bus
1AN5Mw54TB0,Bus
1FHVSLdJLD4,Bus
1l858z8JdmI,Bus
1gPl1s-ZJrE,Bus
1FguW6m0lwQ,Bus
0OQv6lO50nY,Bus
2BLhDlgeUbI,Bus
0LJ1Wzda0QE,Bus
-FEXRjcryZE,Bus
1vFbsn6XfMI,Bus
0HBAshYFBCU,Bus
-asB1JaTIy4,Bus
2HW0-AnfZ5I,Bus
20G6c9gIHug,Bus
-HeQfwKbFzg,Bus
1L41_50TpU4,Bus
0dXaMuJDY9g,Bus
-ZvRwGdJ3nY,Bus
-x-U1E7yolg,Bus
-x0bMWD8ftg,Bus
2AQJGLm5Px0,Bus
-i9JrqjYI3Q,Bus
-z-09mIT8EM,Bus
-12Z-4hvmyU,Bus
-HzzEuFBiDU,Bus
-7B4pbkIEas,Bus
0FJTPgjCfao,Bus
0G0mSrzOZ2M,Bus
1S6M83V1LjI,Bus
-8YTu7ZGA2w,Bus
2ALDrHu6ZPk,Bus
0CFPiVzxuWc,Bus
-rKcmCOBuRc,Bus
058yNW0UZ48,Bus
05fWVEnDyDA,Bus
1bTqpdsaS88,Bus
6VRcINAY7KE,Chainsaw
1xg5haxzjFQ,Chainsaw
-eV9hw6kPRU,Chainsaw
6NOW0_HuUCQ,Chainsaw
49wP_Zmqkyc,Chainsaw
6hS3y44hjrI,Chainsaw
0NOfrBTZC_M,Chainsaw
-GnKRy1-NFo,Chainsaw
92sTzXubUgQ,Chainsaw
67PlMRhS5qc,Chainsaw
0knV4q5Sx_c,Chainsaw
0M3AYnUPk4g,Chainsaw
2GfYNfKtpK0,Chainsaw
2Dv8SGM7W1A,Chainsaw
7SChBv97cmg,Chainsaw
7ckyVndW6R8,Chainsaw
2mBAi3PkE4U,Chainsaw
6-DAiSEzRA4,Chainsaw
1SAw44hg6sg,Chainsaw
5jPxN86-2P0,Chainsaw
5NqpmNqPDeQ,Chainsaw
32QJbdusIQw,Chainsaw
0IStDugr5uA,Chainsaw
7ly236Hvae0,Chainsaw
6tXkKR9EU6w,Chainsaw
0rbECchexqE,Chainsaw
384nku0gUe4,Chainsaw
-ZkNKo9mEFI,Chainsaw
3O92j7ue-hE,Chainsaw
2XVl8t1-XOM,Chainsaw
7TRrkoz8iYw,Chainsaw
6YmkVpYLK0k,Chainsaw
6gLbCktiyAM,Chainsaw
6-WxHsmNta8,Chainsaw
-R69Fa-mCaY,Chainsaw
-g-_Lwk4iDo,Chainsaw
5zSPUfVm32A,Chainsaw
7bMHefrBuYg,Chainsaw
6LqiQrUchhM,Chainsaw
0Ux3G_cg79s,Chainsaw
7K40HZUhoqs,Chainsaw
-Jy1RH9XZz0,Chainsaw
1CQR2Nh6ZaU,Chainsaw
33SlPXN3NPk,Chainsaw
73mQmyZZsSw,Chainsaw
-DVM0BK_h5A,Chainsaw
7YkRGfxAA8s,Chainsaw
-8S9TKWIOSc,Chainsaw
3Sby3LP-cbU,Chainsaw
5a_LPLNtBQs,Chainsaw
0BMj7EIexwU,Chainsaw
8WMRrXWeepA,Chainsaw
4f1R36qriMc,Chainsaw
5HkTArPiX8E,Chainsaw
610TuLNPepE,Chainsaw
8Il3FjtL0Rs,Chainsaw
4YPYs-bHaR4,Chainsaw
83C1jdaWwSg,Chainsaw
0UgbKFIfyGY,Chainsaw
1JWevjhd6Wk,Chainsaw
93C94T6TfhA,Chainsaw
5jpVVYSD1gk,Chainsaw
3C1EACXWbnM,Chainsaw
3RFUrX4lRM8,Chainsaw
45RDZ3owtvY,Chainsaw
0o-iYXYbPCE,Chainsaw
0QZ-JK2Ch4E,Chainsaw
5IxlZtup57Y,Chainsaw
4leF1RwXFSE,Chainsaw
0tray-DsgLA,Chainsaw
22fW30DrCU8,Chainsaw
2WogzOS_D9Q,Chainsaw
-lq97ErUIZQ,Chainsaw
-MwY3HhnYVY,Chainsaw
52ZWWG4WnSw,Chainsaw
2IyjdEYNwnY,Chainsaw
1SqYA6OW3ns,Chainsaw
0j6rg-m7C5g,Chainsaw
2HLpx5mqvW8,Chainsaw
8PEb0vP7xWc,Chainsaw
-zHk3s6BkpA,Chainsaw
0dMJ7dlPzWs,Chainsaw
7eAIvG3uFjo,Chainsaw
5CkG2GTiK4M,Chainsaw
7-18CoeAuA0,Chainsaw
4kd99qbm25I,Chainsaw
-4w4BTgp3hk,Chainsaw
0hMZVFUXwHo,Chainsaw
8yBGrAo62iQ,Chainsaw
1KyF6q2TTEA,Chainsaw
41_75OEwYGo,Chainsaw
3sMa94JiLZI,Chainsaw
18NpKwKl6Rk,Chainsaw
0s0FLwW_Zsk,Chainsaw
29y1jdo96jw,Chainsaw
4iNH5KcANLw,Chainsaw
5OWCQl64pXc,Chainsaw
-oL-TYoSpzs,Chainsaw
24ywlO1l1mE,Chainsaw
2aQ4JPV-pBM,Chainsaw
-mMYhIxQXH0,Chainsaw
0fjrDsLr_aE,Chainsaw
54PhWYrDTgw,Chainsaw
1ur8hokq-Cs,Chainsaw
2kqRYTWKKIk,Chainsaw
8np7wFQdfXg,Chainsaw
-x5unSmYREU,Chainsaw
8VbyyhCscVc,Chainsaw
8NY3TWbkg3I,Chainsaw
5bM3Syf1KN0,Chainsaw
5F19VZEOOzc,Chainsaw
5CWAf-BtBCQ,Chainsaw
0eXu0vIIMVc,Chainsaw
1C0bH19uXh0,Chainsaw
-RNbb1ZTu8Y,Chainsaw
7EJ1TlhoFKc,Chainsaw
7Cm9bUZNVuk,Chainsaw
8wQhYN24WMM,Chainsaw
7cPo0JhnJjQ,Chainsaw
-Lid8aDC01I,Chainsaw
7YDNwy5GKGA,Chainsaw
7YUPoS4bD24,Chainsaw
-eztaN83LCY,Chainsaw
4IXh4lRq_Hs,Chainsaw
4voVgILqCoA,Chainsaw
0ZJehw_Ug-g,Chainsaw
2LL9rfu1PRg,Chainsaw
3Uxn1085Ld4,Chainsaw
0NV_lqGSV2s,Cat
1-uo7YWqF3Q,Cat
-2BR7sVLPCE,Cat
-Hh5VlW3pFE,Cat
-NrpfrEGq5w,Cat
-TYGdSo47xo,Cat
0N1kcuX-OzU,Cat
-HLTp7gPBEw,Cat
0DtJdRFPmS4,Cat
-opg33-301Y,Cat
0cLM26AotU4,Cat
0Am7X758-Ek,Cat
0-DNtl3i7D8,Cat
16qY5bRnCIA,Cat
-rGHegPzCpc,Cat
0JjBqqqpFQc,Cat
0ZyO42c3QEE,Cat
141v5oRfUHM,Cat
-sTnP0BeOS4,Cat
-RdJHmQRQBc,Cat
0JNJup0MbiM,Cat
0XMeGiszPYE,Cat
0JBwMNEkT_Q,Cat
0gbDQgRMlR4,Cat
0KpBwr4IzrM,Cat
0R4uO4Vy9c0,Cat
13QUBj_VlIc,Cat
-w3qkf-V-PY,Cat
0_kuKQlFKZg,Cat
0WLZoOhg4LE,Cat
0LvT0CnBxJg,Cat
0kN-0Fd438w,Cat
12DVEOpqaBs,Cat
0ZZ_wdnsc10,Cat
0wIzA4IT9pk,Cat
0fbZ0tskFjw,Cat
0mPGogIwkhk,Cat
-PK81pz3534,Cat
06Mm032486Q,Cat
07RqWEmSIzA,Cat
-K4YNOAqf9E,Cat
0ylf1enGlGw,Cat
0q1Ytfn8yMU,Cat
-nUTC_TgRCk,Cat
-Ivf63hDvzc,Cat
0F7yaWNgTGg,Cat
-2kErLFAk5k,Cat
0W_gYR6p-D0,Cat
0MdkcazmOEg,Horse
0KsA_9pti2A,Horse
0rT6_dsReRk,Horse
0mbqh5N2olU,Horse
24wb6efOb4w,Horse
-7uB0O_imb4,Horse
-v4mnvwHHXM,Horse
-AfJKhf6P3U,Horse
09nSnH52l5E,Horse
1Mn746Z3z64,Horse
1PVQpJRKSmc,Horse
0Zx-Jsv0frs,Horse
0Q7puDxRQ0g,Horse
0e_96pcTzKQ,Horse
-DlpGYhmO4A,Horse
-yIX8Jn8_xE,Horse
1ni2n7qcjDI,Horse
2BmteeUl5IE,Horse
-2TWQG-UIug,Horse
1dzHeBGZ6zA,Horse
28uKkF5kal0,Horse
031vhuk_TIE,Horse
-SA7KkTZVLg,Horse
08ty9EupxAY,Horse
2707wKpFKNU,Horse
0y6GuTFwHT8,Horse
0FgdBZZ_p_U,Horse
-pbxZsS46l0,Horse
1vIeAq7LWJ4,Horse
-24upzjhJkE,Horse
1X5JrJwNOZw,Horse
-vzV7iufYUM,Horse
0ijnYlcJQ6w,Horse
1OB2TC-aAqY,Horse
1AChh0gWG2Y,Horse
22v1cEKvuzA,Horse
-PjURNLAvJk,Horse
-a-wlKLZrZk,Horse
-0TTFAArJ9k,Horse
0DAv1iGmE8M,Horse
-TZmzuXs5j0,Horse
0yi_TPU7aJE,Horse
0qlmhspx2QY,Horse
-EWvMAkKDRM,Horse
24s-IJkY8SU,Horse
1KCSr5ZzcLg,Horse
0Imh6WB4s70,Horse
04sM4m4NMeE,Horse
0hdET5bXEwU,Horse
1SSWnom8y8w,Horse
15zkG9rNDx4,Horse
15A-Kc9BlHo,Horse
2QTH4_WQlgg,Toilet flush
1NbkO1auM1U,Toilet flush
-BZ6I5i_kW4,Toilet flush
1ZL1yUitzWI,Toilet flush
1sGbBTYBxDg,Toilet flush
7CrU_VpMADs,Toilet flush
6O-2-LU4V1w,Toilet flush
6fcdYBdZ7qg,Toilet flush
0lqGcL0-uVA,Toilet flush
4NZCBEZbIDA,Toilet flush
2k0odEpLIkc,Toilet flush
53jtALXeS7U,Toilet flush
6mzqYl0UccI,Toilet flush
3pc-_xaVLik,Toilet flush
4z2LSoUlWYk,Toilet flush
0aZ3vvM4V34,Toilet flush
3slY8qx8ZeI,Toilet flush
1IgfQE4GT1Q,Toilet flush
3OBX7R7QzgY,Toilet flush
13AbnrWanPk,Toilet flush
3FrK3RhGFGc,Toilet flush
1ekAFZ9NAb4,Toilet flush
2ErfX6ZT5pM,Toilet flush
0uIe4dKUC1s,Toilet flush
-NW2pPAToFM,Toilet flush
2hJBV9mb1CA,Toilet flush
6-Ok_3WzP5k,Toilet flush
7cgTsdhfn7s,Toilet flush
16b9HjgnmrY,Toilet flush
1aNLeVBB9RQ,Toilet flush
0pog2KWcd9c,Toilet flush
4tj_DVfp0ME,Toilet flush
0xh0x5wL_lg,Toilet flush
0sYcEVTfF2E,Toilet flush
4IF49XmNCaw,Toilet flush
6OyU42uWOo0,Toilet flush
-8ju6V8B5Oc,Toilet flush
0iXJOAHwsYg,Toilet flush
19PS9dyGe64,Toilet flush
-wyF3xGM95g,Toilet flush
7Qgy2XzDSwo,Toilet flush
3rzg4ObzNL0,Toilet flush
3drnEnI8bls,Toilet flush
6YKWV3Hcsp8,Toilet flush
5oyi3Y7pSI8,Toilet flush
2CJmpimozlY,Toilet flush
5X8F5Sthk4Q,Toilet flush
-nWUVq5s7cM,Toilet flush
7yjRBNhB9FI,Toilet flush
0ZVdHyRbCCo,Toilet flush
5UhruQpf9Rs,Toilet flush
3RaZ_DvJEsM,Toilet flush
0JaJdfEOar0,Toilet flush
2rbGcfo-k_Q,Toilet flush
4U9CtLJhpsQ,Toilet flush
3XZcJfZsVhA,Toilet flush
0fr57nOHOEU,Toilet flush
26-HMlPhve4,Toilet flush
5-AIETMDRaI,Toilet flush
0gKyoOENUBM,Toilet flush
1V4NpKTUooo,Toilet flush
5n_V4gu8Fu8,Toilet flush
-dX5RtfumBA,Toilet flush
6uay86VYVY0,Toilet flush
6MBc6UrEv5Y,Toilet flush
7siHuS7Veio,Toilet flush
0eh_N-cmcuI,Toilet flush
6F-1DUQjoGY,Toilet flush
340EYwluUio,Toilet flush
4pgGIwd2wto,Toilet flush
7__8AVfo2bk,Toilet flush
3YGtfWG_KT8,Toilet flush
462mYhjswJo,Toilet flush
5cRwwBaGtTA,Toilet flush
6U7HcpVhQ1A,Toilet flush
6fUn9gGkTIo,Toilet flush
-2FVPRdbLdA,Toilet flush
20nyHEh2HW0,Toilet flush
0j9aw8s6s1s,Toilet flush
7HakzscblZY,Toilet flush
4GqZD3eNvIs,Toilet flush
4NHy8ARu1cc,Toilet flush
3fLlgNDZjLo,Toilet flush
7ih9QYtw9ko,Toilet flush
-aI2lItV7zE,Toilet flush
6gbLFPKcV4A,Toilet flush
-F6GfPwjLWo,Toilet flush
6IIDZWPcSd8,Toilet flush
4uRizWpSXAc,Toilet flush
27tTKJuekQc,Toilet flush
0HWIjjmpVtY,Toilet flush
1PLtmuFO66E,Toilet flush
6gtQ1amk3sk,Toilet flush
4nN9QuT_OJM,Toilet flush
2IxkjMrJxng,Toilet flush
0AkjDhg9u24,Toilet flush
0iSQ-tdp1mo,Toilet flush
-LnYUCuNUuI,Toilet flush
6Fc6-GVxFcU,Toilet flush
3CGHvxFDc3Q,Toilet flush
2cli1cg7SSA,Toilet flush
4CszE2N1TGw,Toilet flush
4psMVnfOCIs,Toilet flush
59UL9Up9a3o,Toilet flush
706Lzd73Ib4,Toilet flush
6OTNz254tQw,Toilet flush
2n4qR03SjnY,Toilet flush
2cBdAvV0_zs,Toilet flush
-fC8_UodWjA,Toilet flush
3-0K2zuTwl4,Toilet flush
165AVh_q4iw,Toilet flush
0plDocPM9Ig,Toilet flush
7pxNDwMWoIo,Toilet flush
6ExErkijGaA,Toilet flush
0um2ui52eyo,Toilet flush
-ygqz4jLcsk,Toilet flush
4MILPH5z3no,Toilet flush
1Tb7c70fJBs,Toilet flush
0z5TRiOKlX4,Toilet flush
-0X1juZHG6I,Toilet flush
53ktQBZmxUM,Toilet flush
46UxneRS0Vw,Toilet flush
3lw0xavwWGE,Toilet flush
0mj46Xhzx1Y,Toilet flush
5S6J-aM-BAU,Toilet flush
7UynE2aCvIQ,Toilet flush
0xdJWDNLZrE,Toilet flush
6iK8csUljY8,Toilet flush
4SIuuAQ3YLk,Toilet flush
1sTktH04-fw,Toilet flush
5bIuMNKRpTk,Toilet flush
2BwiNhqCOFg,Toilet flush
0PcvfVZo9e4,Toilet flush
-YkIP4iqElA,Toilet flush
64coFYUI4f0,Toilet flush
5EcrQhp7We0,Toilet flush
6MGkrvH8Ntc,Toilet flush
79y6PHjXnd8,Toilet flush
5sJchly9MHM,Toilet flush
13YvwUoLde8,Toilet flush
4r8uFqPOpqU,Toilet flush
2jAVRDkz42M,Toilet flush
4ltnOsbLIJI,Toilet flush
0U6b1Vnj3G0,Toilet flush
NGeniwxDzJ0,"Rodents, rats, mice"
UtnGtAYOPgM,"Rodents, rats, mice"
PI7yhz-tJHE,"Rodents, rats, mice"
TlOn_lpCm18,"Rodents, rats, mice"
LVB5JLa02Ao,"Rodents, rats, mice"
IVGD0NIQV8A,"Rodents, rats, mice"
EQpGf4WuG7c,"Rodents, rats, mice"
Pdq_2YWF1uM,"Rodents, rats, mice"
IvVnD_mLBuk,"Rodents, rats, mice"
QUZvIWAZR30,"Rodents, rats, mice"
3HZW_jh_W1w,"Rodents, rats, mice"
N0e-DZo7gDk,"Rodents, rats, mice"
CGk8_igDsrQ,"Rodents, rats, mice"
ClHChIXxFEA,"Rodents, rats, mice"
5rSgETYVSos,"Rodents, rats, mice"
Gnu1-w9OGME,"Rodents, rats, mice"
32oM4n7_zIg,"Rodents, rats, mice"
Oa-tEOY8AbM,"Rodents, rats, mice"
38uu1ak250Q,"Rodents, rats, mice"
5xzWbwNa7ao,"Rodents, rats, mice"
AWH7nE0vekg,"Rodents, rats, mice"
E42iUkOceR4,"Rodents, rats, mice"
HnfWFs-WAaI,"Rodents, rats, mice"
OOOBgAH8wcg,"Rodents, rats, mice"
US_NJY_cGqw,"Rodents, rats, mice"
TiUhiac-h9g,"Rodents, rats, mice"
OdA8N1rJiqI,"Rodents, rats, mice"
1Y6VeYpbjTc,"Rodents, rats, mice"
TnHgoYkQNJw,"Rodents, rats, mice"
CkEHOGkaWVM,"Rodents, rats, mice"
0Vs7nFMvXNY,"Rodents, rats, mice"
-b4JMeZ0b7o,"Rodents, rats, mice"
7RAzgVy3rIQ,"Rodents, rats, mice"
Nhzfm5a_Ccc,"Rodents, rats, mice"
6vFGQG5S0sE,"Rodents, rats, mice"
TqF9Sx4H80k,"Rodents, rats, mice"
Dfh6xRSGlqI,"Rodents, rats, mice"
QSgcILqpobA,"Rodents, rats, mice"
N6IZKKaC-g4,"Rodents, rats, mice"
FYb9xEnGCe8,"Rodents, rats, mice"
SdfCXfi8rEQ,"Rodents, rats, mice"
4tgjvpFd6mc,"Rodents, rats, mice"
1kpACW26nwQ,"Rodents, rats, mice"
QaOUSPDHEf0,"Rodents, rats, mice"
P2rxsLfj0YM,"Rodents, rats, mice"
HhhOprRsph4,"Rodents, rats, mice"
S_AabZx8Dt4,"Rodents, rats, mice"
RnoOv3CclYE,"Rodents, rats, mice"
MHyPznr64D0,"Rodents, rats, mice"
DjmrZ8XuPvw,"Rodents, rats, mice"
MdhzTOn1VL8,"Rodents, rats, mice"
5wZT7mokZU8,"Rodents, rats, mice"
CtateQuT2dA,"Rodents, rats, mice"
HH8vEISptZs,"Rodents, rats, mice"
8lXrIvCE_8k,"Rodents, rats, mice"
T0VG1tFyQqk,"Rodents, rats, mice"
SzDNOcKjv0w,"Rodents, rats, mice"
5ythNyShhns,"Rodents, rats, mice"
0Aej-3XtYe8,"Rodents, rats, mice"
V4oMJ55Y0tQ,"Rodents, rats, mice"
FK72LXvYczQ,"Rodents, rats, mice"
7kG36hjhqjI,"Rodents, rats, mice"
2EoPvjQBmYw,"Rodents, rats, mice"
AElKZMncLE8,"Rodents, rats, mice"
A9m3IfjUHzU,"Rodents, rats, mice"
1hNwQMJtGew,"Rodents, rats, mice"
-egjyoLyd9M,"Rodents, rats, mice"
4nvAbP6wXDA,"Rodents, rats, mice"
REmLDxwkVbI,"Rodents, rats, mice"
OAu1bLMPjDU,"Rodents, rats, mice"
6w4l_n6EtSs,"Rodents, rats, mice"
0ZrKs1wPhj4,"Rodents, rats, mice"
HOJ2UB2cgHQ,"Rodents, rats, mice"
2t0HUQleGwU,"Rodents, rats, mice"
GitfyDrmRMA,"Rodents, rats, mice"
L4Z-cfsZpqM,"Rodents, rats, mice"
AtzjFy0J8Pw,"Rodents, rats, mice"
PknTjUTTUkU,"Rodents, rats, mice"
E5GTVPpvEdA,"Rodents, rats, mice"
Do4yhF0qy2c,"Rodents, rats, mice"
XPOmFzI3d_4,"Rodents, rats, mice"
Qlwi0rip8Ok,"Rodents, rats, mice"
GYvApvHOPXc,"Rodents, rats, mice"
9-iVuKsU8ZI,"Rodents, rats, mice"
ByNj4TXWBEQ,"Rodents, rats, mice"
GFQh_g43VJg,"Rodents, rats, mice"
NhGcMBr02XU,"Rodents, rats, mice"
B6FTK6wDxek,"Rodents, rats, mice"
0REH7oc48C0,"Rodents, rats, mice"
5qighAQ1e9o,Accordion
5csyeJ9nUS0,Accordion
-JsikDzLCCM,Accordion
4GfRuU0co_s,Accordion
1_FTfTT2LAo,Accordion
5O8BDxtMyJA,Accordion
-iiS6mvkJ98,Accordion
654qgMz76aw,Accordion
5s-U1c1v1pc,Accordion
1Thqsodw3zI,Accordion
3G5jnxpYvuk,Accordion
5mNBJX2k86Y,Accordion
-wJ_UfBsiR0,Accordion
0jAkSpqFe4s,Accordion
3lFpHntzsQk,Accordion
04iE2o1tI8A,Accordion
5kk8Lh-hkDA,Accordion
5bxBvNXyvMg,Accordion
12oeAh4LY5M,Accordion
-B9wAxd_V1Y,Accordion
3L-W2J58JIQ,Accordion
2VrHvYfwDJs,Accordion
3TgynDX3F24,Accordion
-e-68LOpw8k,Accordion
1VH8orDEFWQ,Accordion
0AHmq7QIw84,Accordion
0woZIMV4oUY,Accordion
31hTm01pRWc,Accordion
3T78h81cfjc,Accordion
3wSDhSz2Vso,Accordion
3WUg_23Of9M,Accordion
0Pk3d8Qn6p4,Accordion
4le8iYwhXWM,Accordion
4eA0l180YJ4,Accordion
2gbZcKSZrIw,Accordion
1zhF0576vOE,Accordion
1UmPZEeakuQ,Accordion
1oH-wBFq1W4,Accordion
-uC-9agJePc,Accordion
606_sP5xcBE,Accordion
0QkQ6rmXaoE,Accordion
1Qcxwho5ZLQ,Accordion
1WU5LO1iuAo,Accordion
-KWCA1xtWMw,Accordion
4sSDv9FgoEM,Accordion
1oPiseY5V7k,Accordion
-g4i39nadkQ,Accordion
0Y1JH8PdHAA,Accordion
3VwTd49SD20,Accordion
2gKVPdwv_V0,Accordion
4n8pYPmS5Qg,Accordion
5EFaFY2DC2g,Accordion
-KTh-902ahg,Accordion
5lg7tAt37Mc,Accordion
5e4u9ZWa8-A,Accordion
1hpHdOhsYH8,Accordion
5G6475OUa2U,Accordion
3dd6zwvS_T4,Accordion
1PKD-E08Gjw,Accordion
5vim6-ZYt3k,Accordion
102AA0bK0MM,Accordion
4MaM8LiTnKI,Accordion
5u9QqiB08Fg,Accordion
6OItIlBb3HE,Accordion
0OtOrR70M1A,Accordion
-1qyr-IzqKY,Accordion
65grl-RBeYU,Accordion
-F53UmpWFVI,Accordion
6C57bZcFspA,Accordion
4ia3v_BKSwc,Accordion
2NXBlEASDaE,Accordion
052IeR23SLY,Accordion
4Dpz0hDkzXU,Accordion
3KX4lLlY_wE,Accordion
2TkdxEYOXok,Accordion
0gdMrriLgq8,Accordion
-Dqi6nNtnWI,Accordion
-LnO0gwFvTU,Accordion
48lpcyiTxKc,Accordion
1PgwxYCi-qE,Accordion
09o2OwlUCGI,Accordion
1z95dJG7j_w,Accordion
4sPa8dPpxQo,Accordion
-SdAy1I4yMA,Accordion
0WMRsztTttc,Accordion
5T65vrJoRpw,Accordion
2pUReM-XxNM,Accordion
09C0k_WRvBs,Accordion
5UMC51-0gtY,Accordion
57A_SvVsXhs,Accordion
3ci1kPrKql0,Accordion
1lyeA4D3Jdg,Accordion
4dN9JkRUQeU,Accordion
0N4aDYt8vmI,Accordion
0XGHiumhpJk,Accordion
4Hg_lTiWAFU,Accordion
1xp2bkdhYTE,Accordion
1BonlocdKno,Accordion
1Mxp8x6oMLA,Accordion
1YOusBqwlH4,Accordion
3YbDIoaSToo,Accordion
0v6guMGfNSo,Accordion
5hExI3Kf6bw,Accordion
1A714kYO3-c,Accordion
5z-8lQ4wcUU,Accordion
3bdNfXk6LBw,Accordion
0AcaYTOIa70,Accordion
57UBmQWiIAQ,Accordion
56g7w0ILhR8,Accordion
120GV2XLt24,Accordion
1jY3hxEIoO8,Accordion
0jInA3DyU5g,Accordion
1-oHRmh1WW0,Accordion
62xEtryKV3c,Accordion
0py8-5vgb4E,Accordion
5cO9CHPsJw8,Accordion
37OWeVIR4mY,Accordion
5FrzM4rzrpM,Accordion
3V19BOXDtfw,Accordion
5msMrDJBc2k,Accordion
4vO7r5CrjMk,Accordion
11k9cuOKQp4,Accordion
1h_DLog2ShA,Accordion
0zlyBNNnMPQ,Accordion
7ZywE3aGJic,Mandolin
5EMLPHVw-Lo,Mandolin
20vPrINHeuA,Mandolin
0fUNY8A28ec,Mandolin
3_behQKsK4A,Mandolin
5LA0aVjMj0I,Mandolin
37CYsr_mYcU,Mandolin
3Sybiyy5-84,Mandolin
1YddwZeJclU,Mandolin
3HCjfsCbhSg,Mandolin
3yb8RCz-inc,Mandolin
-xLzza6Vs9E,Mandolin
3fNSt8308kA,Mandolin
3tD9tWqs3vY,Mandolin
1comymCkUOw,Mandolin
4VXGKgVs7OM,Mandolin
4AoJaUOj7qA,Mandolin
4yyTYJqbfrM,Mandolin
0gZb1vbQ7Dg,Mandolin
7ydfkPYAdP0,Mandolin
7PZl6hYrQGo,Mandolin
--euLrzIU2Q,Mandolin
8NfFipaUxIA,Mandolin
-ty5tv-2kys,Mandolin
43JxC3HEirI,Mandolin
1h1Ldj0AIyY,Mandolin
022HkidFvBM,Mandolin
17oPgmdAHpQ,Mandolin
-0SMihT1X90,Mandolin
3taeKIlR87Y,Mandolin
29xIeTrEEiw,Mandolin
0pnDOF3NhMQ,Mandolin
4ftnQdEaLO8,Mandolin
0AYVQiBZsAc,Mandolin
-kCqe6T5Z0g,Mandolin
3s0QRMuXTnE,Mandolin
-bWRe1Ye7Ow,Mandolin
-REcc2uRttE,Mandolin
2rubMZze1XQ,Mandolin
3qJhvEuf5Dk,Mandolin
65lcpTDdpDs,Mandolin
62AGEzbSDl8,Mandolin
4KjRofnCO4Q,Mandolin
76mwPlRcZ5k,Mandolin
3kA4083nS9Y,Mandolin
1u3hR1PNYf4,Mandolin
5xzuSZKj0uw,Mandolin
7YW4KPkvQQE,Mandolin
2b01qjRiEH4,Mandolin
0JIRUKnBBSw,Mandolin
519276Ov9DM,Mandolin
7-4PhH-u8Cs,Mandolin
-ttXM3IZWdw,Mandolin
2gh21ppLuWk,Mandolin
1IW-nJTL6ks,Mandolin
3PZNLyK_qDk,Mandolin
3MB7Ek2Bulk,Mandolin
2vRtLDpWArQ,Mandolin
3OzTXUq0LF8,Mandolin
2MImeCGPEYA,Mandolin
1R41x5vaZrc,Mandolin
0VlA12PFjyA,Mandolin
49joX0fGwbE,Mandolin
5xufy1oMIuk,Mandolin
-8CXD9jIrq0,Mandolin
-FlzvDmSB4U,Mandolin
1f1lKnzb7t8,Mandolin
7snuAKV2CBg,Mandolin
0IJdy122ZBU,Mandolin
3etiG7dVUnM,Mandolin
4GEjlyAL09E,Mandolin
7OVe6SsV6do,Mandolin
5VMt2G3kRnc,Mandolin
6J6WXWwbwzU,Mandolin
7KcETZ7OImA,Mandolin
2xtFceWmoN0,Mandolin
71JU92CgsqU,Mandolin
5LU3qvw9Bn4,Mandolin
8WHUz9HFFTk,Mandolin
0DjLttpnWno,Mandolin
8TPo-6akAVg,Mandolin
-heyuRyaZm8,Mandolin
1T80lR_imB4,Mandolin
1n7amzH3-1E,Mandolin
6_gti7xIhWA,Mandolin
4Re2sksC_ko,Mandolin
0ZaqZ7fiYKU,Mandolin
6hBBOM8wkzY,Mandolin
3DT3b2CFlPE,Mandolin
4lWP5aaxR2A,Mandolin
2pZsbtl-iW8,Mandolin
4O4cWtwQ2dE,Mandolin
32Z6WApx7qM,Mandolin
-d11gZAN7lE,Mandolin
-WaJBvz02No,Mandolin
8RoMeFFg_xg,Mandolin
2ANGsFElxj8,Mandolin
0cwleiALqyg,Mandolin
-fUNb4eiu1w,Mandolin
0hNe-q4UWQk,Mandolin
4U6nLmvOACw,Mandolin
4BazFix9xzg,Mandolin
7Ykwy_WiS4A,Mandolin
1zTYiYCegfg,Mandolin
-M2VRuI_fuM,Mandolin
3XrjcaKqnP4,Mandolin
6pnALL8037Y,Mandolin
7vIzSOOkwJk,Mandolin
4cRs2izu8GI,Mandolin
3n6MExM371U,Mandolin
0IklLP7_kBw,Mandolin
1y75PiDzWsA,Mandolin
-_9pg2ryrx4,Mandolin
6f0kIeKOOfg,Mandolin
-wGAzd51XRE,Mandolin
1YJx9DzvNRw,Mandolin
07N2Oq2BT-c,Mandolin
-gREEONxBkk,Mandolin
7OYOdKAwfUY,Mandolin
7bJAub4sn5A,Mandolin
4Eh9n5CrXLk,Mandolin
-mMr3S6543A,Mandolin
-pC25Hmn8mw,Mandolin
-w1wd2EqrLU,Mandolin
47fxC07DN8Y,Mandolin
0YjhnZRUi-0,Mandolin
